BINOMIAL,PHYLUM_NAM,CLASS_NAME,ORDER_NAME,FAMILY_NAM,GENUS_NAME,SPECIES_NA,CATEGORY
Acropora variolosa,CNIDARIA,ANTHOZOA,SCLERACTINIA,ACROPORIDAE,Acropora,variolosa,LC
Montipora cryptus,CNIDARIA,ANTHOZOA,SCLERACTINIA,ACROPORIDAE,Montipora,cryptus,NT
Acropora lamarcki,CNIDARIA,ANTHOZOA,SCLERACTINIA,ACROPORIDAE,Acropora,lamarcki,DD
Astreopora scabra,CNIDARIA,ANTHOZOA,SCLERACTINIA,ACROPORIDAE,Astreopora,scabra,LC
Montipora tuberculosa,CNIDARIA,ANTHOZOA,SCLERACTINIA,ACROPORIDAE,Montipora,tuberculosa,LC
Leptoseris cailleti,CNIDARIA,ANTHOZOA,SCLERACTINIA,AGARICIIDAE,Leptoseris,cailleti,LC
Montipora incrassata,CNIDARIA,ANTHOZOA,SCLERACTINIA,ACROPORIDAE,Montipora,incrassata,NT
Palauastrea ramosa,CNIDARIA,ANTHOZOA,SCLERACTINIA,ASTROCOENIIDAE,Palauastrea,ramosa,NT
Acropora willisae,CNIDARIA,ANTHOZOA,SCLERACTINIA,ACROPORIDAE,Acropora,willisae,VU
Acropora walindii,CNIDARIA,ANTHOZOA,SCLERACTINIA,ACROPORIDAE,Acropora,walindii,VU
Coeloseris mayeri,CNIDARIA,ANTHOZOA,SCLERACTINIA,AGARICIIDAE,Coeloseris,mayeri,LC
Montipora danae,CNIDARIA,ANTHOZOA,SCLERACTINIA,ACROPORIDAE,Montipora,danae,LC
Acropora seriata,CNIDARIA,ANTHOZOA,SCLERACTINIA,ACROPORIDAE,Acropora,seriata,DD
Leptoseris explanata,CNIDARIA,ANTHOZOA,SCLERACTINIA,AGARICIIDAE,Leptoseris,explanata,LC
Isopora togianensis,CNIDARIA,ANTHOZOA,SCLERACTINIA,ACROPORIDAE,Isopora,togianensis,EN
Acropora pectinatus,CNIDARIA,ANTHOZOA,SCLERACTINIA,ACROPORIDAE,Acropora,pectinatus,DD
Stylocoeniella cocosensis,CNIDARIA,ANTHOZOA,SCLERACTINIA,ASTROCOENIIDAE,Stylocoeniella,cocosensis,VU
Acropora vaughani,CNIDARIA,ANTHOZOA,SCLERACTINIA,ACROPORIDAE,Acropora,vaughani,VU
Montipora caliculata,CNIDARIA,ANTHOZOA,SCLERACTINIA,ACROPORIDAE,Montipora,caliculata,VU
Montipora aequituberculata,CNIDARIA,ANTHOZOA,SCLERACTINIA,ACROPORIDAE,Montipora,aequituberculata,LC
Acropora nobilis,CNIDARIA,ANTHOZOA,SCLERACTINIA,ACROPORIDAE,Acropora,nobilis,LC
Acropora plana,CNIDARIA,ANTHOZOA,SCLERACTINIA,ACROPORIDAE,Acropora,plana,DD
Montipora informis,CNIDARIA,ANTHOZOA,SCLERACTINIA,ACROPORIDAE,Montipora,informis,LC
Montipora samarensis,CNIDARIA,ANTHOZOA,SCLERACTINIA,ACROPORIDAE,Montipora,samarensis,VU
Acropora hyacinthus,CNIDARIA,ANTHOZOA,SCLERACTINIA,ACROPORIDAE,Acropora,hyacinthus,NT
Acropora longicyathus,CNIDARIA,ANTHOZOA,SCLERACTINIA,ACROPORIDAE,Acropora,longicyathus,LC
Acropora pulchra,CNIDARIA,ANTHOZOA,SCLERACTINIA,ACROPORIDAE,Acropora,pulchra,LC
Acropora branchi,CNIDARIA,ANTHOZOA,SCLERACTINIA,ACROPORIDAE,Acropora,branchi,DD
Acropora florida,CNIDARIA,ANTHOZOA,SCLERACTINIA,ACROPORIDAE,Acropora,florida,NT
Leptoseris amitoriensis,CNIDARIA,ANTHOZOA,SCLERACTINIA,AGARICIIDAE,Leptoseris,amitoriensis,NT
Montipora stellata,CNIDARIA,ANTHOZOA,SCLERACTINIA,ACROPORIDAE,Montipora,stellata,LC
Acropora robusta,CNIDARIA,ANTHOZOA,SCLERACTINIA,ACROPORIDAE,Acropora,robusta,LC
Montipora hoffmeisteri,CNIDARIA,ANTHOZOA,SCLERACTINIA,ACROPORIDAE,Montipora,hoffmeisteri,LC
Acropora microphthalma,CNIDARIA,ANTHOZOA,SCLERACTINIA,ACROPORIDAE,Acropora,microphthalma,LC
Montipora peltiformis,CNIDARIA,ANTHOZOA,SCLERACTINIA,ACROPORIDAE,Montipora,peltiformis,NT
Anacropora puertogalerae,CNIDARIA,ANTHOZOA,SCLERACTINIA,ACROPORIDAE,Anacropora,puertogalerae,VU
Montipora turgescens,CNIDARIA,ANTHOZOA,SCLERACTINIA,ACROPORIDAE,Montipora,turgescens,LC
Acropora pruinosa,CNIDARIA,ANTHOZOA,SCLERACTINIA,ACROPORIDAE,Acropora,pruinosa,DD
Montipora setosa,CNIDARIA,ANTHOZOA,SCLERACTINIA,ACROPORIDAE,Montipora,setosa,EN
Acropora rufus,CNIDARIA,ANTHOZOA,SCLERACTINIA,ACROPORIDAE,Acropora,rufus,DD
Acropora massawensis,CNIDARIA,ANTHOZOA,SCLERACTINIA,ACROPORIDAE,Acropora,massawensis,DD
Astreopora randalli,CNIDARIA,ANTHOZOA,SCLERACTINIA,ACROPORIDAE,Astreopora,randalli,LC
Acropora wallaceae,CNIDARIA,ANTHOZOA,SCLERACTINIA,ACROPORIDAE,Acropora,wallaceae,DD
Montipora delicatula,CNIDARIA,ANTHOZOA,SCLERACTINIA,ACROPORIDAE,Montipora,delicatula,VU
Pavona xarifae,CNIDARIA,ANTHOZOA,SCLERACTINIA,AGARICIIDAE,Pavona,xarifae,DD
Acropora tutuilensis,CNIDARIA,ANTHOZOA,SCLERACTINIA,ACROPORIDAE,Acropora,tutuilensis,DD
Montipora millepora,CNIDARIA,ANTHOZOA,SCLERACTINIA,ACROPORIDAE,Montipora,millepora,LC
Pavona danai,CNIDARIA,ANTHOZOA,SCLERACTINIA,AGARICIIDAE,Pavona,danai,VU
Acropora glauca,CNIDARIA,ANTHOZOA,SCLERACTINIA,ACROPORIDAE,Acropora,glauca,NT
Helioseris cucullata,CNIDARIA,ANTHOZOA,SCLERACTINIA,AGARICIIDAE,Helioseris,cucullata,LC
Montipora mactanensis,CNIDARIA,ANTHOZOA,SCLERACTINIA,ACROPORIDAE,Montipora,mactanensis,VU
Acropora tortuosa,CNIDARIA,ANTHOZOA,SCLERACTINIA,ACROPORIDAE,Acropora,tortuosa,LC
Acropora cardenae,CNIDARIA,ANTHOZOA,SCLERACTINIA,ACROPORIDAE,Acropora,cardenae,DD
Heterocyathus aequicostatus,CNIDARIA,ANTHOZOA,SCLERACTINIA,CARYOPHYLLIIDAE,Heterocyathus,aequicostatus,LC
Astreopora incrustans,CNIDARIA,ANTHOZOA,SCLERACTINIA,ACROPORIDAE,Astreopora,incrustans,VU
Acropora jacquelineae,CNIDARIA,ANTHOZOA,SCLERACTINIA,ACROPORIDAE,Acropora,jacquelineae,VU
Montipora stilosa,CNIDARIA,ANTHOZOA,SCLERACTINIA,ACROPORIDAE,Montipora,stilosa,VU
Acropora abrolhosensis,CNIDARIA,ANTHOZOA,SCLERACTINIA,ACROPORIDAE,Acropora,abrolhosensis,VU
Montipora digitata,CNIDARIA,ANTHOZOA,SCLERACTINIA,ACROPORIDAE,Montipora,digitata,LC
Astreopora expansa,CNIDARIA,ANTHOZOA,SCLERACTINIA,ACROPORIDAE,Astreopora,expansa,NT
Montipora hispida,CNIDARIA,ANTHOZOA,SCLERACTINIA,ACROPORIDAE,Montipora,hispida,LC
Acropora khayranensis,CNIDARIA,ANTHOZOA,SCLERACTINIA,ACROPORIDAE,Acropora,khayranensis,DD
Anacropora spinosa,CNIDARIA,ANTHOZOA,SCLERACTINIA,ACROPORIDAE,Anacropora,spinosa,EN
Montipora flabellata,CNIDARIA,ANTHOZOA,SCLERACTINIA,ACROPORIDAE,Montipora,flabellata,VU
Acropora roseni,CNIDARIA,ANTHOZOA,SCLERACTINIA,ACROPORIDAE,Acropora,roseni,EN
Astreopora ocellata,CNIDARIA,ANTHOZOA,SCLERACTINIA,ACROPORIDAE,Astreopora,ocellata,LC
Acropora pagoensis,CNIDARIA,ANTHOZOA,SCLERACTINIA,ACROPORIDAE,Acropora,pagoensis,DD
Montipora corbettensis,CNIDARIA,ANTHOZOA,SCLERACTINIA,ACROPORIDAE,Montipora,corbettensis,VU
Acropora chesterfieldensis,CNIDARIA,ANTHOZOA,SCLERACTINIA,ACROPORIDAE,Acropora,chesterfieldensis,LC
Pavona clavus,CNIDARIA,ANTHOZOA,SCLERACTINIA,AGARICIIDAE,Pavona,clavus,LC
Acropora retusa,CNIDARIA,ANTHOZOA,SCLERACTINIA,ACROPORIDAE,Acropora,retusa,VU
Isopora cuneata,CNIDARIA,ANTHOZOA,SCLERACTINIA,ACROPORIDAE,Isopora,cuneata,VU
Acropora cophodactyla,CNIDARIA,ANTHOZOA,SCLERACTINIA,ACROPORIDAE,Acropora,cophodactyla,DD
Acropora simplex,CNIDARIA,ANTHOZOA,SCLERACTINIA,ACROPORIDAE,Acropora,simplex,VU
Acropora nasuta,CNIDARIA,ANTHOZOA,SCLERACTINIA,ACROPORIDAE,Acropora,nasuta,NT
Acropora solitaryensis,CNIDARIA,ANTHOZOA,SCLERACTINIA,ACROPORIDAE,Acropora,solitaryensis,VU
Acropora yongei,CNIDARIA,ANTHOZOA,SCLERACTINIA,ACROPORIDAE,Acropora,yongei,LC
Anacropora matthai,CNIDARIA,ANTHOZOA,SCLERACTINIA,ACROPORIDAE,Anacropora,matthai,VU
Acropora efflorescens,CNIDARIA,ANTHOZOA,SCLERACTINIA,ACROPORIDAE,Acropora,efflorescens,DD
Madracis pharensis,CNIDARIA,ANTHOZOA,SCLERACTINIA,ASTROCOENIIDAE,Madracis,pharensis,LC
Acropora cerealis,CNIDARIA,ANTHOZOA,SCLERACTINIA,ACROPORIDAE,Acropora,cerealis,LC
Acropora hoeksemai,CNIDARIA,ANTHOZOA,SCLERACTINIA,ACROPORIDAE,Acropora,hoeksemai,VU
Madracis formosa,CNIDARIA,ANTHOZOA,SCLERACTINIA,ASTROCOENIIDAE,Madracis,formosa,LC
Acropora tanegashimensis,CNIDARIA,ANTHOZOA,SCLERACTINIA,ACROPORIDAE,Acropora,tanegashimensis,DD
Acropora ridzwani,CNIDARIA,ANTHOZOA,SCLERACTINIA,ACROPORIDAE,Acropora,ridzwani,DD
Acropora fastigata,CNIDARIA,ANTHOZOA,SCLERACTINIA,ACROPORIDAE,Acropora,fastigata,DD
Pachyseris rugosa,CNIDARIA,ANTHOZOA,SCLERACTINIA,AGARICIIDAE,Pachyseris,rugosa,VU
Acropora caroliniana,CNIDARIA,ANTHOZOA,SCLERACTINIA,ACROPORIDAE,Acropora,caroliniana,VU
Acropora torresiana,CNIDARIA,ANTHOZOA,SCLERACTINIA,ACROPORIDAE,Acropora,torresiana,DD
Acropora scherzeriana,CNIDARIA,ANTHOZOA,SCLERACTINIA,ACROPORIDAE,Acropora,scherzeriana,DD
Isopora crateriformis,CNIDARIA,ANTHOZOA,SCLERACTINIA,ACROPORIDAE,Isopora,crateriformis,VU
Acropora cervicornis,CNIDARIA,ANTHOZOA,SCLERACTINIA,ACROPORIDAE,Acropora,cervicornis,CR
Acropora macrostoma,CNIDARIA,ANTHOZOA,SCLERACTINIA,ACROPORIDAE,Acropora,macrostoma,DD
Acropora clathrata,CNIDARIA,ANTHOZOA,SCLERACTINIA,ACROPORIDAE,Acropora,clathrata,LC
Acropora orbicularis,CNIDARIA,ANTHOZOA,SCLERACTINIA,ACROPORIDAE,Acropora,orbicularis,DD
Montipora confusa,CNIDARIA,ANTHOZOA,SCLERACTINIA,ACROPORIDAE,Montipora,confusa,NT
Montipora taiwanensis,CNIDARIA,ANTHOZOA,SCLERACTINIA,ACROPORIDAE,Montipora,taiwanensis,DD
Acropora arabensis,CNIDARIA,ANTHOZOA,SCLERACTINIA,ACROPORIDAE,Acropora,arabensis,NT
Acropora rosaria,CNIDARIA,ANTHOZOA,SCLERACTINIA,ACROPORIDAE,Acropora,rosaria,DD
Pavona gigantea,CNIDARIA,ANTHOZOA,SCLERACTINIA,AGARICIIDAE,Pavona,gigantea,LC
Acropora squarrosa,CNIDARIA,ANTHOZOA,SCLERACTINIA,ACROPORIDAE,Acropora,squarrosa,LC
Gardineroseris planulata,CNIDARIA,ANTHOZOA,SCLERACTINIA,AGARICIIDAE,Gardineroseris,planulata,LC
Acropora multiacuta,CNIDARIA,ANTHOZOA,SCLERACTINIA,ACROPORIDAE,Acropora,multiacuta,VU
Acropora cytherea,CNIDARIA,ANTHOZOA,SCLERACTINIA,ACROPORIDAE,Acropora,cytherea,LC
Pavona cactus,CNIDARIA,ANTHOZOA,SCLERACTINIA,AGARICIIDAE,Pavona,cactus,VU
Montipora angulata,CNIDARIA,ANTHOZOA,SCLERACTINIA,ACROPORIDAE,Montipora,angulata,VU
Acropora dendrum,CNIDARIA,ANTHOZOA,SCLERACTINIA,ACROPORIDAE,Acropora,dendrum,VU
Acropora globiceps,CNIDARIA,ANTHOZOA,SCLERACTINIA,ACROPORIDAE,Acropora,globiceps,VU
Pavona frondifera,CNIDARIA,ANTHOZOA,SCLERACTINIA,AGARICIIDAE,Pavona,frondifera,LC
Acropora derawanensis,CNIDARIA,ANTHOZOA,SCLERACTINIA,ACROPORIDAE,Acropora,derawanensis,VU
Acropora minuta,CNIDARIA,ANTHOZOA,SCLERACTINIA,ACROPORIDAE,Acropora,minuta,DD
Acropora rambleri,CNIDARIA,ANTHOZOA,SCLERACTINIA,ACROPORIDAE,Acropora,rambleri,DD
Isopora palifera,CNIDARIA,ANTHOZOA,SCLERACTINIA,ACROPORIDAE,Isopora,palifera,NT
Astreopora suggesta,CNIDARIA,ANTHOZOA,SCLERACTINIA,ACROPORIDAE,Astreopora,suggesta,LC
Acropora insignis,CNIDARIA,ANTHOZOA,SCLERACTINIA,ACROPORIDAE,Acropora,insignis,DD
Agaricia tenuifolia,CNIDARIA,ANTHOZOA,SCLERACTINIA,AGARICIIDAE,Agaricia,tenuifolia,NT
Montipora dilatata,CNIDARIA,ANTHOZOA,SCLERACTINIA,ACROPORIDAE,Montipora,dilatata,EN
Montipora gaimardi,CNIDARIA,ANTHOZOA,SCLERACTINIA,ACROPORIDAE,Montipora,gaimardi,VU
Acropora monticulosa,CNIDARIA,ANTHOZOA,SCLERACTINIA,ACROPORIDAE,Acropora,monticulosa,NT
Acropora granulosa,CNIDARIA,ANTHOZOA,SCLERACTINIA,ACROPORIDAE,Acropora,granulosa,NT
Acropora subglabra,CNIDARIA,ANTHOZOA,SCLERACTINIA,ACROPORIDAE,Acropora,subglabra,LC
Acropora stoddarti,CNIDARIA,ANTHOZOA,SCLERACTINIA,ACROPORIDAE,Acropora,stoddarti,DD
Anacropora pillai,CNIDARIA,ANTHOZOA,SCLERACTINIA,ACROPORIDAE,Anacropora,pillai,DD
Montipora hodgsoni,CNIDARIA,ANTHOZOA,SCLERACTINIA,ACROPORIDAE,Montipora,hodgsoni,VU
Acropora pichoni,CNIDARIA,ANTHOZOA,SCLERACTINIA,ACROPORIDAE,Acropora,pichoni,NT
Montipora calcarea,CNIDARIA,ANTHOZOA,SCLERACTINIA,ACROPORIDAE,Montipora,calcarea,VU
Montipora foveolata,CNIDARIA,ANTHOZOA,SCLERACTINIA,ACROPORIDAE,Montipora,foveolata,NT
Pavona diffluens,CNIDARIA,ANTHOZOA,SCLERACTINIA,AGARICIIDAE,Pavona,diffluens,VU
Acropora gomezi,CNIDARIA,ANTHOZOA,SCLERACTINIA,ACROPORIDAE,Acropora,gomezi,DD
Montipora mollis,CNIDARIA,ANTHOZOA,SCLERACTINIA,ACROPORIDAE,Montipora,mollis,LC
Acropora lovelli,CNIDARIA,ANTHOZOA,SCLERACTINIA,ACROPORIDAE,Acropora,lovelli,VU
Acropora meridiana,CNIDARIA,ANTHOZOA,SCLERACTINIA,ACROPORIDAE,Acropora,meridiana,DD
Pavona venosa,CNIDARIA,ANTHOZOA,SCLERACTINIA,AGARICIIDAE,Pavona,venosa,VU
Acropora loisetteae,CNIDARIA,ANTHOZOA,SCLERACTINIA,ACROPORIDAE,Acropora,loisetteae,VU
Acropora parahemprichii,CNIDARIA,ANTHOZOA,SCLERACTINIA,ACROPORIDAE,Acropora,parahemprichii,DD
Acropora turaki,CNIDARIA,ANTHOZOA,SCLERACTINIA,ACROPORIDAE,Acropora,turaki,VU
Acropora anthocercis,CNIDARIA,ANTHOZOA,SCLERACTINIA,ACROPORIDAE,Acropora,anthocercis,VU
Montipora grisea,CNIDARIA,ANTHOZOA,SCLERACTINIA,ACROPORIDAE,Montipora,grisea,LC
Acropora tenuis,CNIDARIA,ANTHOZOA,SCLERACTINIA,ACROPORIDAE,Acropora,tenuis,NT
Isopora brueggemanni,CNIDARIA,ANTHOZOA,SCLERACTINIA,ACROPORIDAE,Isopora,brueggemanni,VU
Montipora meandrina,CNIDARIA,ANTHOZOA,SCLERACTINIA,ACROPORIDAE,Montipora,meandrina,VU
Acropora proximalis,CNIDARIA,ANTHOZOA,SCLERACTINIA,ACROPORIDAE,Acropora,proximalis,DD
Montipora saudii,CNIDARIA,ANTHOZOA,SCLERACTINIA,ACROPORIDAE,Montipora,saudii,NT
Acropora grandis,CNIDARIA,ANTHOZOA,SCLERACTINIA,ACROPORIDAE,Acropora,grandis,LC
Acropora sekiseiensis,CNIDARIA,ANTHOZOA,SCLERACTINIA,ACROPORIDAE,Acropora,sekiseiensis,DD
Montipora efflorescens,CNIDARIA,ANTHOZOA,SCLERACTINIA,ACROPORIDAE,Montipora,efflorescens,NT
Astreopora myriophthalma,CNIDARIA,ANTHOZOA,SCLERACTINIA,ACROPORIDAE,Astreopora,myriophthalma,LC
Acropora lutkeni,CNIDARIA,ANTHOZOA,SCLERACTINIA,ACROPORIDAE,Acropora,lutkeni,NT
Acropora valenciennesi,CNIDARIA,ANTHOZOA,SCLERACTINIA,ACROPORIDAE,Acropora,valenciennesi,LC
Montipora pachytuberculata,CNIDARIA,ANTHOZOA,SCLERACTINIA,ACROPORIDAE,Montipora,pachytuberculata,DD
Astreopora listeri,CNIDARIA,ANTHOZOA,SCLERACTINIA,ACROPORIDAE,Astreopora,listeri,LC
Acropora pharaonis,CNIDARIA,ANTHOZOA,SCLERACTINIA,ACROPORIDAE,Acropora,pharaonis,VU
Acropora secale,CNIDARIA,ANTHOZOA,SCLERACTINIA,ACROPORIDAE,Acropora,secale,NT
Montipora friabilis,CNIDARIA,ANTHOZOA,SCLERACTINIA,ACROPORIDAE,Montipora,friabilis,VU
Acropora indonesia,CNIDARIA,ANTHOZOA,SCLERACTINIA,ACROPORIDAE,Acropora,indonesia,VU
Acropora filiformis,CNIDARIA,ANTHOZOA,SCLERACTINIA,ACROPORIDAE,Acropora,filiformis,DD
Acropora russelli,CNIDARIA,ANTHOZOA,SCLERACTINIA,ACROPORIDAE,Acropora,russelli,VU
Acropora ocellata,CNIDARIA,ANTHOZOA,SCLERACTINIA,ACROPORIDAE,Acropora,ocellata,DD
Acropora elegans,CNIDARIA,ANTHOZOA,SCLERACTINIA,ACROPORIDAE,Acropora,elegans,VU
Acropora austera,CNIDARIA,ANTHOZOA,SCLERACTINIA,ACROPORIDAE,Acropora,austera,NT
Acropora abrotanoides,CNIDARIA,ANTHOZOA,SCLERACTINIA,ACROPORIDAE,Acropora,abrotanoides,LC
Pavona varians,CNIDARIA,ANTHOZOA,SCLERACTINIA,AGARICIIDAE,Pavona,varians,LC
Agaricia agaricites,CNIDARIA,ANTHOZOA,SCLERACTINIA,AGARICIIDAE,Agaricia,agaricites,LC
Astreopora eliptica,CNIDARIA,ANTHOZOA,SCLERACTINIA,ACROPORIDAE,Astreopora,eliptica,DD
Acropora elseyi,CNIDARIA,ANTHOZOA,SCLERACTINIA,ACROPORIDAE,Acropora,elseyi,LC
Montipora cocosensis,CNIDARIA,ANTHOZOA,SCLERACTINIA,ACROPORIDAE,Montipora,cocosensis,VU
Agaricia fragilis,CNIDARIA,ANTHOZOA,SCLERACTINIA,AGARICIIDAE,Agaricia,fragilis,DD
Pavona minuta,CNIDARIA,ANTHOZOA,SCLERACTINIA,AGARICIIDAE,Pavona,minuta,NT
Acropora appressa,CNIDARIA,ANTHOZOA,SCLERACTINIA,ACROPORIDAE,Acropora,appressa,NT
Acropora parilis,CNIDARIA,ANTHOZOA,SCLERACTINIA,ACROPORIDAE,Acropora,parilis,DD
Montipora kellyi,CNIDARIA,ANTHOZOA,SCLERACTINIA,ACROPORIDAE,Montipora,kellyi,DD
Madracis carmabi,CNIDARIA,ANTHOZOA,SCLERACTINIA,ASTROCOENIIDAE,Madracis,carmabi,DD
Stylocoeniella guentheri,CNIDARIA,ANTHOZOA,SCLERACTINIA,ASTROCOENIIDAE,Stylocoeniella,guentheri,LC
Anacropora reticulata,CNIDARIA,ANTHOZOA,SCLERACTINIA,ACROPORIDAE,Anacropora,reticulata,VU
Montipora australiensis,CNIDARIA,ANTHOZOA,SCLERACTINIA,ACROPORIDAE,Montipora,australiensis,VU
Acropora aspera,CNIDARIA,ANTHOZOA,SCLERACTINIA,ACROPORIDAE,Acropora,aspera,VU
Acropora carduus,CNIDARIA,ANTHOZOA,SCLERACTINIA,ACROPORIDAE,Acropora,carduus,NT
Acropora prostrata,CNIDARIA,ANTHOZOA,SCLERACTINIA,ACROPORIDAE,Acropora,prostrata,DD
Acropora valida,CNIDARIA,ANTHOZOA,SCLERACTINIA,ACROPORIDAE,Acropora,valida,LC
Acropora elegantula,CNIDARIA,ANTHOZOA,SCLERACTINIA,ACROPORIDAE,Acropora,elegantula,DD
Acropora vermiculata,CNIDARIA,ANTHOZOA,SCLERACTINIA,ACROPORIDAE,Acropora,vermiculata,DD
Leptoseris striata,CNIDARIA,ANTHOZOA,SCLERACTINIA,AGARICIIDAE,Leptoseris,striata,NT
Acropora polystoma,CNIDARIA,ANTHOZOA,SCLERACTINIA,ACROPORIDAE,Acropora,polystoma,VU
Acropora tumida,CNIDARIA,ANTHOZOA,SCLERACTINIA,ACROPORIDAE,Acropora,tumida,DD
Acropora forskali,CNIDARIA,ANTHOZOA,SCLERACTINIA,ACROPORIDAE,Acropora,forskali,DD
Acropora kirstyae,CNIDARIA,ANTHOZOA,SCLERACTINIA,ACROPORIDAE,Acropora,kirstyae,VU
Isopora cylindrica,CNIDARIA,ANTHOZOA,SCLERACTINIA,ACROPORIDAE,Isopora,cylindrica,DD
Montipora spumosa,CNIDARIA,ANTHOZOA,SCLERACTINIA,ACROPORIDAE,Montipora,spumosa,LC
Pavona maldivensis,CNIDARIA,ANTHOZOA,SCLERACTINIA,AGARICIIDAE,Pavona,maldivensis,LC
Acropora formosa,CNIDARIA,ANTHOZOA,SCLERACTINIA,ACROPORIDAE,Acropora,formosa,NT
Pachyseris gemmae,CNIDARIA,ANTHOZOA,SCLERACTINIA,AGARICIIDAE,Pachyseris,gemmae,NT
Acropora striata,CNIDARIA,ANTHOZOA,SCLERACTINIA,ACROPORIDAE,Acropora,striata,VU
Montipora verruculosus,CNIDARIA,ANTHOZOA,SCLERACTINIA,ACROPORIDAE,Montipora,verruculosus,VU
Madracis asanoi,CNIDARIA,ANTHOZOA,SCLERACTINIA,ASTROCOENIIDAE,Madracis,asanoi,DD
Agaricia grahamae,CNIDARIA,ANTHOZOA,SCLERACTINIA,AGARICIIDAE,Agaricia,grahamae,LC
Anacropora forbesi,CNIDARIA,ANTHOZOA,SCLERACTINIA,ACROPORIDAE,Anacropora,forbesi,LC
Leptoseris tubulifera,CNIDARIA,ANTHOZOA,SCLERACTINIA,AGARICIIDAE,Leptoseris,tubulifera,LC
Acropora suharsonoi,CNIDARIA,ANTHOZOA,SCLERACTINIA,ACROPORIDAE,Acropora,suharsonoi,EN
Acropora batunai,CNIDARIA,ANTHOZOA,SCLERACTINIA,ACROPORIDAE,Acropora,batunai,VU
Acropora halmaherae,CNIDARIA,ANTHOZOA,SCLERACTINIA,ACROPORIDAE,Acropora,halmaherae,DD
Acropora echinata,CNIDARIA,ANTHOZOA,SCLERACTINIA,ACROPORIDAE,Acropora,echinata,VU
Montipora spongiosa,CNIDARIA,ANTHOZOA,SCLERACTINIA,ACROPORIDAE,Montipora,spongiosa,LC
Acropora palmerae,CNIDARIA,ANTHOZOA,SCLERACTINIA,ACROPORIDAE,Acropora,palmerae,VU
Montipora capitata,CNIDARIA,ANTHOZOA,SCLERACTINIA,ACROPORIDAE,Montipora,capitata,NT
Acropora convexa,CNIDARIA,ANTHOZOA,SCLERACTINIA,ACROPORIDAE,Acropora,convexa,DD
Pavona chiriquiensis,CNIDARIA,ANTHOZOA,SCLERACTINIA,AGARICIIDAE,Pavona,chiriquiensis,LC
Montipora venosa,CNIDARIA,ANTHOZOA,SCLERACTINIA,ACROPORIDAE,Montipora,venosa,NT
Heterocyathus alternatus,CNIDARIA,ANTHOZOA,SCLERACTINIA,CARYOPHYLLIIDAE,Heterocyathus,alternatus,LC
Acropora palmata,CNIDARIA,ANTHOZOA,SCLERACTINIA,ACROPORIDAE,Acropora,palmata,CR
Leptoseris yabei,CNIDARIA,ANTHOZOA,SCLERACTINIA,AGARICIIDAE,Leptoseris,yabei,VU
Acropora microclados,CNIDARIA,ANTHOZOA,SCLERACTINIA,ACROPORIDAE,Acropora,microclados,VU
Montipora effusa,CNIDARIA,ANTHOZOA,SCLERACTINIA,ACROPORIDAE,Montipora,effusa,NT
Acropora maryae,CNIDARIA,ANTHOZOA,SCLERACTINIA,ACROPORIDAE,Acropora,maryae,DD
Acropora selago,CNIDARIA,ANTHOZOA,SCLERACTINIA,ACROPORIDAE,Acropora,selago,NT
Montipora cebuensis,CNIDARIA,ANTHOZOA,SCLERACTINIA,ACROPORIDAE,Montipora,cebuensis,VU
Acropora verweyi,CNIDARIA,ANTHOZOA,SCLERACTINIA,ACROPORIDAE,Acropora,verweyi,VU
Astreopora moretonensis,CNIDARIA,ANTHOZOA,SCLERACTINIA,ACROPORIDAE,Astreopora,moretonensis,VU
Heterocyathus sulcatus,CNIDARIA,ANTHOZOA,SCLERACTINIA,CARYOPHYLLIIDAE,Heterocyathus,sulcatus,LC
Montipora florida,CNIDARIA,ANTHOZOA,SCLERACTINIA,ACROPORIDAE,Montipora,florida,VU
Acropora bushyensis,CNIDARIA,ANTHOZOA,SCLERACTINIA,ACROPORIDAE,Acropora,bushyensis,LC
Acropora kosurini,CNIDARIA,ANTHOZOA,SCLERACTINIA,ACROPORIDAE,Acropora,kosurini,VU
Acropora desalwii,CNIDARIA,ANTHOZOA,SCLERACTINIA,ACROPORIDAE,Acropora,desalwii,VU
Leptoseris solida,CNIDARIA,ANTHOZOA,SCLERACTINIA,AGARICIIDAE,Leptoseris,solida,LC
Agaricia lamarcki,CNIDARIA,ANTHOZOA,SCLERACTINIA,AGARICIIDAE,Agaricia,lamarcki,VU
Montipora aspergillus,CNIDARIA,ANTHOZOA,SCLERACTINIA,ACROPORIDAE,Montipora,aspergillus,DD
Montipora verrilli,CNIDARIA,ANTHOZOA,SCLERACTINIA,ACROPORIDAE,Montipora,verrilli,DD
Montipora porites,CNIDARIA,ANTHOZOA,SCLERACTINIA,ACROPORIDAE,Montipora,porites,NT
Acropora torihalimeda,CNIDARIA,ANTHOZOA,SCLERACTINIA,ACROPORIDAE,Acropora,torihalimeda,DD
Acropora latistella,CNIDARIA,ANTHOZOA,SCLERACTINIA,ACROPORIDAE,Acropora,latistella,LC
Pavona explanulata,CNIDARIA,ANTHOZOA,SCLERACTINIA,AGARICIIDAE,Pavona,explanulata,LC
Acropora horrida,CNIDARIA,ANTHOZOA,SCLERACTINIA,ACROPORIDAE,Acropora,horrida,VU
Montipora floweri,CNIDARIA,ANTHOZOA,SCLERACTINIA,ACROPORIDAE,Montipora,floweri,LC
Montipora foliosa,CNIDARIA,ANTHOZOA,SCLERACTINIA,ACROPORIDAE,Montipora,foliosa,NT
Acropora haimei,CNIDARIA,ANTHOZOA,SCLERACTINIA,ACROPORIDAE,Acropora,haimei,DD
Acropora paragemmifera,CNIDARIA,ANTHOZOA,SCLERACTINIA,ACROPORIDAE,Acropora,paragemmifera,DD
Agaricia undata,CNIDARIA,ANTHOZOA,SCLERACTINIA,AGARICIIDAE,Agaricia,undata,DD
Acropora digitifera,CNIDARIA,ANTHOZOA,SCLERACTINIA,ACROPORIDAE,Acropora,digitifera,NT
Acropora navini,CNIDARIA,ANTHOZOA,SCLERACTINIA,ACROPORIDAE,Acropora,navini,DD
Acropora loripes,CNIDARIA,ANTHOZOA,SCLERACTINIA,ACROPORIDAE,Acropora,loripes,NT
Leptoseris mycetoseroides,CNIDARIA,ANTHOZOA,SCLERACTINIA,AGARICIIDAE,Leptoseris,mycetoseroides,LC
Leptoseris foliosa,CNIDARIA,ANTHOZOA,SCLERACTINIA,AGARICIIDAE,Leptoseris,foliosa,LC
Stephanocoenia intersepta,CNIDARIA,ANTHOZOA,SCLERACTINIA,ASTROCOENIIDAE,Stephanocoenia,intersepta,LC
Acropora papillare,CNIDARIA,ANTHOZOA,SCLERACTINIA,ACROPORIDAE,Acropora,papillare,VU
Montipora turtlensis,CNIDARIA,ANTHOZOA,SCLERACTINIA,ACROPORIDAE,Montipora,turtlensis,VU
Pavona decussata,CNIDARIA,ANTHOZOA,SCLERACTINIA,AGARICIIDAE,Pavona,decussata,VU
Madracis asperula,CNIDARIA,ANTHOZOA,SCLERACTINIA,ASTROCOENIIDAE,Madracis,asperula,DD
Anacropora spumosa,CNIDARIA,ANTHOZOA,SCLERACTINIA,ACROPORIDAE,Anacropora,spumosa,DD
Montipora spongodes,CNIDARIA,ANTHOZOA,SCLERACTINIA,ACROPORIDAE,Montipora,spongodes,LC
Montipora verrucosa,CNIDARIA,ANTHOZOA,SCLERACTINIA,ACROPORIDAE,Montipora,verrucosa,LC
Acropora aculeus,CNIDARIA,ANTHOZOA,SCLERACTINIA,ACROPORIDAE,Acropora,aculeus,VU
Stylocoeniella muscosus,CNIDARIA,ANTHOZOA,SCLERACTINIA,ASTROCOENIIDAE,Stylocoeniella,muscosus,DD
Acropora parapharaonis,CNIDARIA,ANTHOZOA,SCLERACTINIA,ACROPORIDAE,Acropora,parapharaonis,DD
Acropora mirabilis,CNIDARIA,ANTHOZOA,SCLERACTINIA,ACROPORIDAE,Acropora,mirabilis,DD
Pachyseris foliosa,CNIDARIA,ANTHOZOA,SCLERACTINIA,AGARICIIDAE,Pachyseris,foliosa,LC
Acropora spathulata,CNIDARIA,ANTHOZOA,SCLERACTINIA,ACROPORIDAE,Acropora,spathulata,LC
Montipora lobulata,CNIDARIA,ANTHOZOA,SCLERACTINIA,ACROPORIDAE,Montipora,lobulata,VU
Acropora awi,CNIDARIA,ANTHOZOA,SCLERACTINIA,ACROPORIDAE,Acropora,awi,VU
Montipora echinata,CNIDARIA,ANTHOZOA,SCLERACTINIA,ACROPORIDAE,Montipora,echinata,DD
Acropora paniculata,CNIDARIA,ANTHOZOA,SCLERACTINIA,ACROPORIDAE,Acropora,paniculata,VU
Acropora copiosa,CNIDARIA,ANTHOZOA,SCLERACTINIA,ACROPORIDAE,Acropora,copiosa,DD
Acropora tizardi,CNIDARIA,ANTHOZOA,SCLERACTINIA,ACROPORIDAE,Acropora,tizardi,DD
Montipora capricornis,CNIDARIA,ANTHOZOA,SCLERACTINIA,ACROPORIDAE,Montipora,capricornis,VU
Astreopora macrostoma,CNIDARIA,ANTHOZOA,SCLERACTINIA,ACROPORIDAE,Astreopora,macrostoma,NT
Acropora plumosa,CNIDARIA,ANTHOZOA,SCLERACTINIA,ACROPORIDAE,Acropora,plumosa,VU
Isopora elizabethensis,CNIDARIA,ANTHOZOA,SCLERACTINIA,ACROPORIDAE,Isopora,elizabethensis,DD
Pavona bipartita,CNIDARIA,ANTHOZOA,SCLERACTINIA,AGARICIIDAE,Pavona,bipartita,VU
Montipora monasteriata,CNIDARIA,ANTHOZOA,SCLERACTINIA,ACROPORIDAE,Montipora,monasteriata,LC
Acropora schmitti,CNIDARIA,ANTHOZOA,SCLERACTINIA,ACROPORIDAE,Acropora,schmitti,DD
Acropora downingi,CNIDARIA,ANTHOZOA,SCLERACTINIA,ACROPORIDAE,Acropora,downingi,LC
Stylocoeniella armata,CNIDARIA,ANTHOZOA,SCLERACTINIA,ASTROCOENIIDAE,Stylocoeniella,armata,LC
Acropora japonica,CNIDARIA,ANTHOZOA,SCLERACTINIA,ACROPORIDAE,Acropora,japonica,DD
Montipora altasepta,CNIDARIA,ANTHOZOA,SCLERACTINIA,ACROPORIDAE,Montipora,altasepta,VU
Acropora donei,CNIDARIA,ANTHOZOA,SCLERACTINIA,ACROPORIDAE,Acropora,donei,VU
Acropora millepora,CNIDARIA,ANTHOZOA,SCLERACTINIA,ACROPORIDAE,Acropora,millepora,NT
Acropora humilis,CNIDARIA,ANTHOZOA,SCLERACTINIA,ACROPORIDAE,Acropora,humilis,NT
Acropora natalensis,CNIDARIA,ANTHOZOA,SCLERACTINIA,ACROPORIDAE,Acropora,natalensis,DD
Montipora nodosa,CNIDARIA,ANTHOZOA,SCLERACTINIA,ACROPORIDAE,Montipora,nodosa,NT
Montipora malampaya,CNIDARIA,ANTHOZOA,SCLERACTINIA,ACROPORIDAE,Montipora,malampaya,VU
Leptoseris incrustans,CNIDARIA,ANTHOZOA,SCLERACTINIA,AGARICIIDAE,Leptoseris,incrustans,VU
Madracis decactis,CNIDARIA,ANTHOZOA,SCLERACTINIA,ASTROCOENIIDAE,Madracis,decactis,LC
Acropora variabilis,CNIDARIA,ANTHOZOA,SCLERACTINIA,ACROPORIDAE,Acropora,variabilis,DD
Montipora undata,CNIDARIA,ANTHOZOA,SCLERACTINIA,ACROPORIDAE,Montipora,undata,NT
Montipora hemispherica,CNIDARIA,ANTHOZOA,SCLERACTINIA,ACROPORIDAE,Montipora,hemispherica,DD
Acropora bifurcata,CNIDARIA,ANTHOZOA,SCLERACTINIA,ACROPORIDAE,Acropora,bifurcata,DD
Leptoseris gardineri,CNIDARIA,ANTHOZOA,SCLERACTINIA,AGARICIIDAE,Leptoseris,gardineri,LC
Acropora acuminata,CNIDARIA,ANTHOZOA,SCLERACTINIA,ACROPORIDAE,Acropora,acuminata,VU
Acropora akajimensis,CNIDARIA,ANTHOZOA,SCLERACTINIA,ACROPORIDAE,Acropora,akajimensis,DD
Enigmopora darveliensis,CNIDARIA,ANTHOZOA,SCLERACTINIA,ACROPORIDAE,Enigmopora,darveliensis,DD
Montipora palawanensis,CNIDARIA,ANTHOZOA,SCLERACTINIA,ACROPORIDAE,Montipora,palawanensis,NT
Acropora exquisita,CNIDARIA,ANTHOZOA,SCLERACTINIA,ACROPORIDAE,Acropora,exquisita,DD
Montipora crassituberculata,CNIDARIA,ANTHOZOA,SCLERACTINIA,ACROPORIDAE,Montipora,crassituberculata,VU
Acropora subulata,CNIDARIA,ANTHOZOA,SCLERACTINIA,ACROPORIDAE,Acropora,subulata,LC
Leptoseris hawaiiensis,CNIDARIA,ANTHOZOA,SCLERACTINIA,AGARICIIDAE,Leptoseris,hawaiiensis,LC
Acropora spicifera,CNIDARIA,ANTHOZOA,SCLERACTINIA,ACROPORIDAE,Acropora,spicifera,VU
Leptoseris papyracea,CNIDARIA,ANTHOZOA,SCLERACTINIA,AGARICIIDAE,Leptoseris,papyracea,LC
Madracis auretenra,CNIDARIA,ANTHOZOA,SCLERACTINIA,ASTROCOENIIDAE,Madracis,auretenra,LC
Acropora lokani,CNIDARIA,ANTHOZOA,SCLERACTINIA,ACROPORIDAE,Acropora,lokani,VU
Acropora tenella,CNIDARIA,ANTHOZOA,SCLERACTINIA,ACROPORIDAE,Acropora,tenella,VU
Montipora vietnamensis,CNIDARIA,ANTHOZOA,SCLERACTINIA,ACROPORIDAE,Montipora,vietnamensis,VU
Acropora rudis,CNIDARIA,ANTHOZOA,SCLERACTINIA,ACROPORIDAE,Acropora,rudis,EN
Acropora inermis,CNIDARIA,ANTHOZOA,SCLERACTINIA,ACROPORIDAE,Acropora,inermis,DD
Acropora divaricata,CNIDARIA,ANTHOZOA,SCLERACTINIA,ACROPORIDAE,Acropora,divaricata,NT
Montipora hirsuta,CNIDARIA,ANTHOZOA,SCLERACTINIA,ACROPORIDAE,Montipora,hirsuta,NT
Acropora nana,CNIDARIA,ANTHOZOA,SCLERACTINIA,ACROPORIDAE,Acropora,nana,NT
Madracis kirbyi,CNIDARIA,ANTHOZOA,SCLERACTINIA,ASTROCOENIIDAE,Madracis,kirbyi,LC
Acropora plantaginea,CNIDARIA,ANTHOZOA,SCLERACTINIA,ACROPORIDAE,Acropora,plantaginea,DD
Acropora lianae,CNIDARIA,ANTHOZOA,SCLERACTINIA,ACROPORIDAE,Acropora,lianae,DD
Acropora irregularis,CNIDARIA,ANTHOZOA,SCLERACTINIA,ACROPORIDAE,Acropora,irregularis,DD
Acropora kimbeensis,CNIDARIA,ANTHOZOA,SCLERACTINIA,ACROPORIDAE,Acropora,kimbeensis,VU
Pachyseris speciosa,CNIDARIA,ANTHOZOA,SCLERACTINIA,AGARICIIDAE,Pachyseris,speciosa,LC
Acropora rongelapensis,CNIDARIA,ANTHOZOA,SCLERACTINIA,ACROPORIDAE,Acropora,rongelapensis,DD
Acropora fenneri,CNIDARIA,ANTHOZOA,SCLERACTINIA,ACROPORIDAE,Acropora,fenneri,DD
Montipora cactus,CNIDARIA,ANTHOZOA,SCLERACTINIA,ACROPORIDAE,Montipora,cactus,VU
Acropora gemmifera,CNIDARIA,ANTHOZOA,SCLERACTINIA,ACROPORIDAE,Acropora,gemmifera,LC
Acropora sarmentosa,CNIDARIA,ANTHOZOA,SCLERACTINIA,ACROPORIDAE,Acropora,sarmentosa,LC
Astreopora cucullata,CNIDARIA,ANTHOZOA,SCLERACTINIA,ACROPORIDAE,Astreopora,cucullata,VU
Acropora samoensis,CNIDARIA,ANTHOZOA,SCLERACTINIA,ACROPORIDAE,Acropora,samoensis,LC
Pachyseris involuta,CNIDARIA,ANTHOZOA,SCLERACTINIA,AGARICIIDAE,Pachyseris,involuta,VU
Agaricia humilis,CNIDARIA,ANTHOZOA,SCLERACTINIA,AGARICIIDAE,Agaricia,humilis,LC
Madracis senaria,CNIDARIA,ANTHOZOA,SCLERACTINIA,ASTROCOENIIDAE,Madracis,senaria,LC
Montipora orientalis,CNIDARIA,ANTHOZOA,SCLERACTINIA,ACROPORIDAE,Montipora,orientalis,VU
Montipora niugini,CNIDARIA,ANTHOZOA,SCLERACTINIA,ACROPORIDAE,Montipora,niugini,NT
Acropora pinguis,CNIDARIA,ANTHOZOA,SCLERACTINIA,ACROPORIDAE,Acropora,pinguis,DD
Pavona duerdeni,CNIDARIA,ANTHOZOA,SCLERACTINIA,AGARICIIDAE,Pavona,duerdeni,LC
Montipora circumvallata,CNIDARIA,ANTHOZOA,SCLERACTINIA,ACROPORIDAE,Montipora,circumvallata,LC
Leptoseris scabra,CNIDARIA,ANTHOZOA,SCLERACTINIA,AGARICIIDAE,Leptoseris,scabra,LC
Montipora patula,CNIDARIA,ANTHOZOA,SCLERACTINIA,ACROPORIDAE,Montipora,patula,VU
Acropora listeri,CNIDARIA,ANTHOZOA,SCLERACTINIA,ACROPORIDAE,Acropora,listeri,VU
Acropora speciosa,CNIDARIA,ANTHOZOA,SCLERACTINIA,ACROPORIDAE,Acropora,speciosa,VU
Astreopora gracilis,CNIDARIA,ANTHOZOA,SCLERACTINIA,ACROPORIDAE,Astreopora,gracilis,LC
Montipora vaughani,CNIDARIA,ANTHOZOA,SCLERACTINIA,ACROPORIDAE,Montipora,vaughani,DD
Acropora hemprichii,CNIDARIA,ANTHOZOA,SCLERACTINIA,ACROPORIDAE,Acropora,hemprichii,VU
Acropora teres,CNIDARIA,ANTHOZOA,SCLERACTINIA,ACROPORIDAE,Acropora,teres,DD
Mussismilia braziliensis,CNIDARIA,ANTHOZOA,SCLERACTINIA,MUSSIDAE,Mussismilia,braziliensis,DD
Pocillopora woodjonesi,CNIDARIA,ANTHOZOA,SCLERACTINIA,POCILLOPORIDAE,Pocillopora,woodjonesi,LC
Blastomussa merleti,CNIDARIA,ANTHOZOA,SCLERACTINIA,MUSSIDAE,Blastomussa,merleti,LC
Lithophyllon mokai,CNIDARIA,ANTHOZOA,SCLERACTINIA,FUNGIIDAE,Lithophyllon,mokai,LC
Fungia spinifer,CNIDARIA,ANTHOZOA,SCLERACTINIA,FUNGIIDAE,Fungia,spinifer,LC
Meandrina braziliensis,CNIDARIA,ANTHOZOA,SCLERACTINIA,MEANDRINIDAE,Meandrina,braziliensis,DD
Echinopora robusta,CNIDARIA,ANTHOZOA,SCLERACTINIA,FAVIIDAE,Echinopora,robusta,VU
Poritipora paliformis,CNIDARIA,ANTHOZOA,SCLERACTINIA,PORITIDAE,Poritipora,paliformis,VU
Psammocora explanulata,CNIDARIA,ANTHOZOA,SCLERACTINIA,SIDERASTREIDAE,Psammocora,explanulata,LC
Symphyllia radians,CNIDARIA,ANTHOZOA,SCLERACTINIA,MUSSIDAE,Symphyllia,radians,LC
Ctenella chagius,CNIDARIA,ANTHOZOA,SCLERACTINIA,MEANDRINIDAE,Ctenella,chagius,EN
Plerogyra sinuosa,CNIDARIA,ANTHOZOA,SCLERACTINIA,EUPHYLLIDAE,Plerogyra,sinuosa,NT
Polyphyllia novaehiberniae,CNIDARIA,ANTHOZOA,SCLERACTINIA,FUNGIIDAE,Polyphyllia,novaehiberniae,NT
Favia lizardensis,CNIDARIA,ANTHOZOA,SCLERACTINIA,FAVIIDAE,Favia,lizardensis,NT
Porites duerdeni,CNIDARIA,ANTHOZOA,SCLERACTINIA,PORITIDAE,Porites,duerdeni,LC
Platygyra yaeyamaensis,CNIDARIA,ANTHOZOA,SCLERACTINIA,FAVIIDAE,Platygyra,yaeyamaensis,VU
Galaxea acrhelia,CNIDARIA,ANTHOZOA,SCLERACTINIA,OCULINIDAE,Galaxea,acrhelia,VU
Fungia scutaria,CNIDARIA,ANTHOZOA,SCLERACTINIA,FUNGIIDAE,Fungia,scutaria,LC
Siderastrea radians,CNIDARIA,ANTHOZOA,SCLERACTINIA,SIDERASTREIDAE,Siderastrea,radians,LC
Goniopora norfolkensis,CNIDARIA,ANTHOZOA,SCLERACTINIA,PORITIDAE,Goniopora,norfolkensis,LC
Turbinaria bifrons,CNIDARIA,ANTHOZOA,SCLERACTINIA,DENDROPHYLLIIDAE,Turbinaria,bifrons,VU
Goniastrea australensis,CNIDARIA,ANTHOZOA,SCLERACTINIA,FAVIIDAE,Goniastrea,australensis,LC
Montastrea multipunctata,CNIDARIA,ANTHOZOA,SCLERACTINIA,FAVIIDAE,Montastrea,multipunctata,VU
Turbinaria stellulata,CNIDARIA,ANTHOZOA,SCLERACTINIA,DENDROPHYLLIIDAE,Turbinaria,stellulata,VU
Fungia sinensis,CNIDARIA,ANTHOZOA,SCLERACTINIA,FUNGIIDAE,Fungia,sinensis,LC
Caulastrea connata,CNIDARIA,ANTHOZOA,SCLERACTINIA,FAVIIDAE,Caulastrea,connata,VU
Goniopora tenuidens,CNIDARIA,ANTHOZOA,SCLERACTINIA,PORITIDAE,Goniopora,tenuidens,LC
Fungia fralinae,CNIDARIA,ANTHOZOA,SCLERACTINIA,FUNGIIDAE,Fungia,fralinae,LC
Goniopora savignyi,CNIDARIA,ANTHOZOA,SCLERACTINIA,PORITIDAE,Goniopora,savignyi,LC
Pocillopora danae,CNIDARIA,ANTHOZOA,SCLERACTINIA,POCILLOPORIDAE,Pocillopora,danae,VU
Solenastrea bournoni,CNIDARIA,ANTHOZOA,SCLERACTINIA,FAVIIDAE,Solenastrea,bournoni,LC
Porites aranetai,CNIDARIA,ANTHOZOA,SCLERACTINIA,PORITIDAE,Porites,aranetai,VU
Acanthastrea lordhowensis,CNIDARIA,ANTHOZOA,SCLERACTINIA,MUSSIDAE,Acanthastrea,lordhowensis,NT
Goniastrea palauensis,CNIDARIA,ANTHOZOA,SCLERACTINIA,FAVIIDAE,Goniastrea,palauensis,NT
Goniopora albiconus,CNIDARIA,ANTHOZOA,SCLERACTINIA,PORITIDAE,Goniopora,albiconus,VU
Porites latistella,CNIDARIA,ANTHOZOA,SCLERACTINIA,PORITIDAE,Porites,latistella,LC
Plerogyra simplex,CNIDARIA,ANTHOZOA,SCLERACTINIA,EUPHYLLIDAE,Plerogyra,simplex,NT
Fungia hexagonalis,CNIDARIA,ANTHOZOA,SCLERACTINIA,FUNGIIDAE,Fungia,hexagonalis,LC
Oculina robusta,CNIDARIA,ANTHOZOA,SCLERACTINIA,OCULINIDAE,Oculina,robusta,DD
Fungia paumotensis,CNIDARIA,ANTHOZOA,SCLERACTINIA,FUNGIIDAE,Fungia,paumotensis,LC
Goniastrea favulus,CNIDARIA,ANTHOZOA,SCLERACTINIA,FAVIIDAE,Goniastrea,favulus,NT
Diploria labyrinthiformis,CNIDARIA,ANTHOZOA,SCLERACTINIA,FAVIIDAE,Diploria,labyrinthiformis,LC
Favites spinosa,CNIDARIA,ANTHOZOA,SCLERACTINIA,FAVIIDAE,Favites,spinosa,VU
Catalaphyllia jardinei,CNIDARIA,ANTHOZOA,SCLERACTINIA,EUPHYLLIDAE,Catalaphyllia,jardinei,VU
Lobophyllia hataii,CNIDARIA,ANTHOZOA,SCLERACTINIA,MUSSIDAE,Lobophyllia,hataii,LC
Porites cocosensis,CNIDARIA,ANTHOZOA,SCLERACTINIA,PORITIDAE,Porites,cocosensis,VU
Herpolitha limax,CNIDARIA,ANTHOZOA,SCLERACTINIA,FUNGIIDAE,Herpolitha,limax,LC
Alveopora catalai,CNIDARIA,ANTHOZOA,SCLERACTINIA,PORITIDAE,Alveopora,catalai,NT
Acanthastrea bowerbanki,CNIDARIA,ANTHOZOA,SCLERACTINIA,MUSSIDAE,Acanthastrea,bowerbanki,VU
Plerogyra discus,CNIDARIA,ANTHOZOA,SCLERACTINIA,EUPHYLLIDAE,Plerogyra,discus,VU
Dichocoenia stellaris,CNIDARIA,ANTHOZOA,SCLERACTINIA,MEANDRINIDAE,Dichocoenia,stellaris,DD
Stylophora subseriata,CNIDARIA,ANTHOZOA,SCLERACTINIA,POCILLOPORIDAE,Stylophora,subseriata,LC
Porites echinulata,CNIDARIA,ANTHOZOA,SCLERACTINIA,PORITIDAE,Porites,echinulata,NT
Goniopora planulata,CNIDARIA,ANTHOZOA,SCLERACTINIA,PORITIDAE,Goniopora,planulata,VU
Echinopora horrida,CNIDARIA,ANTHOZOA,SCLERACTINIA,FAVIIDAE,Echinopora,horrida,NT
Porites decasepta,CNIDARIA,ANTHOZOA,SCLERACTINIA,PORITIDAE,Porites,decasepta,DD
Physogyra lichtensteini,CNIDARIA,ANTHOZOA,SCLERACTINIA,EUPHYLLIDAE,Physogyra,lichtensteini,VU
Symphyllia wilsoni,CNIDARIA,ANTHOZOA,SCLERACTINIA,MUSSIDAE,Symphyllia,wilsoni,LC
Montastraea annularis,CNIDARIA,ANTHOZOA,SCLERACTINIA,FAVIIDAE,Montastraea,annularis,EN
Seriatopora dendritica,CNIDARIA,ANTHOZOA,SCLERACTINIA,POCILLOPORIDAE,Seriatopora,dendritica,VU
Paraclavarina triangularis,CNIDARIA,ANTHOZOA,SCLERACTINIA,MERULINIDAE,Paraclavarina,triangularis,NT
Alveopora ocellata,CNIDARIA,ANTHOZOA,SCLERACTINIA,PORITIDAE,Alveopora,ocellata,DD
Caulastrea echinulata,CNIDARIA,ANTHOZOA,SCLERACTINIA,FAVIIDAE,Caulastrea,echinulata,VU
Horastrea indica,CNIDARIA,ANTHOZOA,SCLERACTINIA,SIDERASTREIDAE,Horastrea,indica,VU
Alveopora tizardi,CNIDARIA,ANTHOZOA,SCLERACTINIA,PORITIDAE,Alveopora,tizardi,LC
Caulastrea curvata,CNIDARIA,ANTHOZOA,SCLERACTINIA,FAVIIDAE,Caulastrea,curvata,VU
Hydnophora microconos,CNIDARIA,ANTHOZOA,SCLERACTINIA,MERULINIDAE,Hydnophora,microconos,NT
Micromussa diminuta,CNIDARIA,ANTHOZOA,SCLERACTINIA,MUSSIDAE,Micromussa,diminuta,DD
Cyphastrea hexasepta,CNIDARIA,ANTHOZOA,SCLERACTINIA,FAVIIDAE,Cyphastrea,hexasepta,VU
Fungia horrida,CNIDARIA,ANTHOZOA,SCLERACTINIA,FUNGIIDAE,Fungia,horrida,LC
Goniastrea retiformis,CNIDARIA,ANTHOZOA,SCLERACTINIA,FAVIIDAE,Goniastrea,retiformis,LC
Goniastrea ramosa,CNIDARIA,ANTHOZOA,SCLERACTINIA,FAVIIDAE,Goniastrea,ramosa,VU
Porites horizontalata,CNIDARIA,ANTHOZOA,SCLERACTINIA,PORITIDAE,Porites,horizontalata,VU
Scolymia cubensis,CNIDARIA,ANTHOZOA,SCLERACTINIA,MUSSIDAE,Scolymia,cubensis,LC
Echinophyllia echinata,CNIDARIA,ANTHOZOA,SCLERACTINIA,PECTINIIDAE,Echinophyllia,echinata,LC
Cyphastrea decadia,CNIDARIA,ANTHOZOA,SCLERACTINIA,FAVIIDAE,Cyphastrea,decadia,LC
Porites tuberculosa,CNIDARIA,ANTHOZOA,SCLERACTINIA,PORITIDAE,Porites,tuberculosa,VU
Dendrogyra cylindrus,CNIDARIA,ANTHOZOA,SCLERACTINIA,MEANDRINIDAE,Dendrogyra,cylindrus,VU
Pocillopora meandrina,CNIDARIA,ANTHOZOA,SCLERACTINIA,POCILLOPORIDAE,Pocillopora,meandrina,LC
Fungia costulata,CNIDARIA,ANTHOZOA,SCLERACTINIA,FUNGIIDAE,Fungia,costulata,LC
Favites stylifera,CNIDARIA,ANTHOZOA,SCLERACTINIA,FAVIIDAE,Favites,stylifera,NT
Porites lutea,CNIDARIA,ANTHOZOA,SCLERACTINIA,PORITIDAE,Porites,lutea,LC
Favia stelligera,CNIDARIA,ANTHOZOA,SCLERACTINIA,FAVIIDAE,Favia,stelligera,NT
Echinophyllia pectinata,CNIDARIA,ANTHOZOA,SCLERACTINIA,PECTINIIDAE,Echinophyllia,pectinata,DD
Acanthastrea subechinata,CNIDARIA,ANTHOZOA,SCLERACTINIA,MUSSIDAE,Acanthastrea,subechinata,NT
Pectinia paeonia,CNIDARIA,ANTHOZOA,SCLERACTINIA,PECTINIIDAE,Pectinia,paeonia,NT
Oculina varicosa,CNIDARIA,ANTHOZOA,SCLERACTINIA,OCULINIDAE,Oculina,varicosa,VU
Cynarina lacrymalis,CNIDARIA,ANTHOZOA,SCLERACTINIA,MUSSIDAE,Cynarina,lacrymalis,NT
Plesiastrea devantieri,CNIDARIA,ANTHOZOA,SCLERACTINIA,FAVIIDAE,Plesiastrea,devantieri,NT
Platygyra daedalea,CNIDARIA,ANTHOZOA,SCLERACTINIA,FAVIIDAE,Platygyra,daedalea,LC
Porites branneri,CNIDARIA,ANTHOZOA,SCLERACTINIA,PORITIDAE,Porites,branneri,NT
Porites bernardi,CNIDARIA,ANTHOZOA,SCLERACTINIA,PORITIDAE,Porites,bernardi,LC
Porites rugosa,CNIDARIA,ANTHOZOA,SCLERACTINIA,PORITIDAE,Porites,rugosa,VU
Leptastrea inaequalis,CNIDARIA,ANTHOZOA,SCLERACTINIA,FAVIIDAE,Leptastrea,inaequalis,NT
Favia rotumana,CNIDARIA,ANTHOZOA,SCLERACTINIA,FAVIIDAE,Favia,rotumana,LC
Goniopora burgosi,CNIDARIA,ANTHOZOA,SCLERACTINIA,PORITIDAE,Goniopora,burgosi,VU
Fungia seychellensis,CNIDARIA,ANTHOZOA,SCLERACTINIA,FUNGIIDAE,Fungia,seychellensis,VU
Favia vietnamensis,CNIDARIA,ANTHOZOA,SCLERACTINIA,FAVIIDAE,Favia,vietnamensis,NT
Favia maritima,CNIDARIA,ANTHOZOA,SCLERACTINIA,FAVIIDAE,Favia,maritima,NT
Oxypora glabra,CNIDARIA,ANTHOZOA,SCLERACTINIA,PECTINIIDAE,Oxypora,glabra,LC
Fungia granulosa,CNIDARIA,ANTHOZOA,SCLERACTINIA,FUNGIIDAE,Fungia,granulosa,LC
Echinopora ashmorensis,CNIDARIA,ANTHOZOA,SCLERACTINIA,FAVIIDAE,Echinopora,ashmorensis,VU
Goniastrea minuta,CNIDARIA,ANTHOZOA,SCLERACTINIA,FAVIIDAE,Goniastrea,minuta,NT
Ctenactis crassa,CNIDARIA,ANTHOZOA,SCLERACTINIA,FUNGIIDAE,Ctenactis,crassa,LC
Nemenzophyllia turbida,CNIDARIA,ANTHOZOA,SCLERACTINIA,EUPHYLLIDAE,Nemenzophyllia,turbida,VU
Acanthastrea echinata,CNIDARIA,ANTHOZOA,SCLERACTINIA,MUSSIDAE,Acanthastrea,echinata,LC
Favia fragum,CNIDARIA,ANTHOZOA,SCLERACTINIA,FAVIIDAE,Favia,fragum,LC
Gyrosmilia interrupta,CNIDARIA,ANTHOZOA,SCLERACTINIA,MEANDRINIDAE,Gyrosmilia,interrupta,LC
Psammocora superficialis,CNIDARIA,ANTHOZOA,SCLERACTINIA,SIDERASTREIDAE,Psammocora,superficialis,LC
Lobophyllia serratus,CNIDARIA,ANTHOZOA,SCLERACTINIA,MUSSIDAE,Lobophyllia,serratus,EN
Porites vaughani,CNIDARIA,ANTHOZOA,SCLERACTINIA,PORITIDAE,Porites,vaughani,LC
Pocillopora capitata,CNIDARIA,ANTHOZOA,SCLERACTINIA,POCILLOPORIDAE,Pocillopora,capitata,LC
Favia pallida,CNIDARIA,ANTHOZOA,SCLERACTINIA,FAVIIDAE,Favia,pallida,LC
Diploria strigosa,CNIDARIA,ANTHOZOA,SCLERACTINIA,FAVIIDAE,Diploria,strigosa,LC
Favites flexuosa,CNIDARIA,ANTHOZOA,SCLERACTINIA,FAVIIDAE,Favites,flexuosa,NT
Caulastrea tumida,CNIDARIA,ANTHOZOA,SCLERACTINIA,FAVIIDAE,Caulastrea,tumida,NT
Pocillopora indiania,CNIDARIA,ANTHOZOA,SCLERACTINIA,POCILLOPORIDAE,Pocillopora,indiania,VU
Psammocora haimeana,CNIDARIA,ANTHOZOA,SCLERACTINIA,SIDERASTREIDAE,Psammocora,haimeana,LC
Pectinia lactuca,CNIDARIA,ANTHOZOA,SCLERACTINIA,PECTINIIDAE,Pectinia,lactuca,VU
Porites stephensoni,CNIDARIA,ANTHOZOA,SCLERACTINIA,PORITIDAE,Porites,stephensoni,NT
Pocillopora damicornis,CNIDARIA,ANTHOZOA,SCLERACTINIA,POCILLOPORIDAE,Pocillopora,damicornis,LC
Mussismilia hispida,CNIDARIA,ANTHOZOA,SCLERACTINIA,MUSSIDAE,Mussismilia,hispida,DD
Schizoculina africana,CNIDARIA,ANTHOZOA,SCLERACTINIA,OCULINIDAE,Schizoculina,africana,DD
Goniopora minor,CNIDARIA,ANTHOZOA,SCLERACTINIA,PORITIDAE,Goniopora,minor,NT
Lobophyllia robusta,CNIDARIA,ANTHOZOA,SCLERACTINIA,MUSSIDAE,Lobophyllia,robusta,LC
Porites negrosensis,CNIDARIA,ANTHOZOA,SCLERACTINIA,PORITIDAE,Porites,negrosensis,NT
Turbinaria frondens,CNIDARIA,ANTHOZOA,SCLERACTINIA,DENDROPHYLLIIDAE,Turbinaria,frondens,LC
Porites ornata,CNIDARIA,ANTHOZOA,SCLERACTINIA,PORITIDAE,Porites,ornata,EN
Acanthastrea maxima,CNIDARIA,ANTHOZOA,SCLERACTINIA,MUSSIDAE,Acanthastrea,maxima,NT
Goniopora tenella,CNIDARIA,ANTHOZOA,SCLERACTINIA,PORITIDAE,Goniopora,tenella,NT
Hydnophora bonsai,CNIDARIA,ANTHOZOA,SCLERACTINIA,MERULINIDAE,Hydnophora,bonsai,EN
Alveopora marionensis,CNIDARIA,ANTHOZOA,SCLERACTINIA,PORITIDAE,Alveopora,marionensis,VU
Stylophora mamillata,CNIDARIA,ANTHOZOA,SCLERACTINIA,POCILLOPORIDAE,Stylophora,mamillata,LC
Euphyllia cristata,CNIDARIA,ANTHOZOA,SCLERACTINIA,EUPHYLLIDAE,Euphyllia,cristata,VU
Plesiastrea versipora,CNIDARIA,ANTHOZOA,SCLERACTINIA,FAVIIDAE,Plesiastrea,versipora,LC
Pocillopora molokensis,CNIDARIA,ANTHOZOA,SCLERACTINIA,POCILLOPORIDAE,Pocillopora,molokensis,DD
Mussismilia harttii,CNIDARIA,ANTHOZOA,SCLERACTINIA,MUSSIDAE,Mussismilia,harttii,DD
Alveopora excelsa,CNIDARIA,ANTHOZOA,SCLERACTINIA,PORITIDAE,Alveopora,excelsa,EN
Mycetophyllia danaana,CNIDARIA,ANTHOZOA,SCLERACTINIA,MUSSIDAE,Mycetophyllia,danaana,LC
Symphyllia valenciennesii,CNIDARIA,ANTHOZOA,SCLERACTINIA,MUSSIDAE,Symphyllia,valenciennesii,LC
Fungia cyclolites,CNIDARIA,ANTHOZOA,SCLERACTINIA,FUNGIIDAE,Fungia,cyclolites,LC
Stylaraea punctata,CNIDARIA,ANTHOZOA,SCLERACTINIA,PORITIDAE,Stylaraea,punctata,DD
Turbinaria irregularis,CNIDARIA,ANTHOZOA,SCLERACTINIA,DENDROPHYLLIIDAE,Turbinaria,irregularis,LC
Porites pukoensis,CNIDARIA,ANTHOZOA,SCLERACTINIA,PORITIDAE,Porites,pukoensis,CR
Zoopilus echinatus,CNIDARIA,ANTHOZOA,SCLERACTINIA,FUNGIIDAE,Zoopilus,echinatus,LC
Echinopora hirsutissima,CNIDARIA,ANTHOZOA,SCLERACTINIA,FAVIIDAE,Echinopora,hirsutissima,LC
Mycedium elephantotus,CNIDARIA,ANTHOZOA,SCLERACTINIA,PECTINIIDAE,Mycedium,elephantotus,LC
Porites colonensis,CNIDARIA,ANTHOZOA,SCLERACTINIA,PORITIDAE,Porites,colonensis,DD
Manicina areolata,CNIDARIA,ANTHOZOA,SCLERACTINIA,FAVIIDAE,Manicina,areolata,LC
Lobophyllia hemprichii,CNIDARIA,ANTHOZOA,SCLERACTINIA,MUSSIDAE,Lobophyllia,hemprichii,LC
Oculina diffusa,CNIDARIA,ANTHOZOA,SCLERACTINIA,OCULINIDAE,Oculina,diffusa,LC
Isophyllia sinuosa,CNIDARIA,ANTHOZOA,SCLERACTINIA,MUSSIDAE,Isophyllia,sinuosa,LC
Porites myrmidonensis,CNIDARIA,ANTHOZOA,SCLERACTINIA,PORITIDAE,Porites,myrmidonensis,LC
Psammocora profundacella,CNIDARIA,ANTHOZOA,SCLERACTINIA,SIDERASTREIDAE,Psammocora,profundacella,LC
Craterestrea levis,CNIDARIA,ANTHOZOA,SCLERACTINIA,SIDERASTREIDAE,Craterestrea,levis,LC
Porites profundus,CNIDARIA,ANTHOZOA,SCLERACTINIA,PORITIDAE,Porites,profundus,LC
Pectinia ayleni,CNIDARIA,ANTHOZOA,SCLERACTINIA,PECTINIIDAE,Pectinia,ayleni,NT
Goniopora djiboutiensis,CNIDARIA,ANTHOZOA,SCLERACTINIA,PORITIDAE,Goniopora,djiboutiensis,LC
Solenastrea hyades,CNIDARIA,ANTHOZOA,SCLERACTINIA,FAVIIDAE,Solenastrea,hyades,LC
Oxypora crassispinosa,CNIDARIA,ANTHOZOA,SCLERACTINIA,PECTINIIDAE,Oxypora,crassispinosa,LC
Polyphyllia talpina,CNIDARIA,ANTHOZOA,SCLERACTINIA,FUNGIIDAE,Polyphyllia,talpina,LC
Mycetophyllia reesi,CNIDARIA,ANTHOZOA,SCLERACTINIA,MUSSIDAE,Mycetophyllia,reesi,DD
Echinophyllia orpheensis,CNIDARIA,ANTHOZOA,SCLERACTINIA,PECTINIIDAE,Echinophyllia,orpheensis,LC
Stylophora wellsi,CNIDARIA,ANTHOZOA,SCLERACTINIA,POCILLOPORIDAE,Stylophora,wellsi,NT
Porites studeri,CNIDARIA,ANTHOZOA,SCLERACTINIA,PORITIDAE,Porites,studeri,LC
Heteropsammia cochlea,CNIDARIA,ANTHOZOA,SCLERACTINIA,DENDROPHYLLIIDAE,Heteropsammia,cochlea,LC
Echinopora taylorae,CNIDARIA,ANTHOZOA,SCLERACTINIA,FAVIIDAE,Echinopora,taylorae,NT
Micromussa amakusensis,CNIDARIA,ANTHOZOA,SCLERACTINIA,MUSSIDAE,Micromussa,amakusensis,NT
Turbinaria mesenterina,CNIDARIA,ANTHOZOA,SCLERACTINIA,DENDROPHYLLIIDAE,Turbinaria,mesenterina,VU
Goniopora columna,CNIDARIA,ANTHOZOA,SCLERACTINIA,PORITIDAE,Goniopora,columna,NT
Echinopora gemmacea,CNIDARIA,ANTHOZOA,SCLERACTINIA,FAVIIDAE,Echinopora,gemmacea,LC
Coscinaraea exesa,CNIDARIA,ANTHOZOA,SCLERACTINIA,SIDERASTREIDAE,Coscinaraea,exesa,LC
Acanthastrea regularis,CNIDARIA,ANTHOZOA,SCLERACTINIA,MUSSIDAE,Acanthastrea,regularis,VU
Pectinia pygmaeus,CNIDARIA,ANTHOZOA,SCLERACTINIA,PECTINIIDAE,Pectinia,pygmaeus,NT
Porites astreoides,CNIDARIA,ANTHOZOA,SCLERACTINIA,PORITIDAE,Porites,astreoides,LC
Seriatopora guttatus,CNIDARIA,ANTHOZOA,SCLERACTINIA,POCILLOPORIDAE,Seriatopora,guttatus,LC
Favia rotundata,CNIDARIA,ANTHOZOA,SCLERACTINIA,FAVIIDAE,Favia,rotundata,NT
Turbinaria heronensis,CNIDARIA,ANTHOZOA,SCLERACTINIA,DENDROPHYLLIIDAE,Turbinaria,heronensis,VU
Porites porites,CNIDARIA,ANTHOZOA,SCLERACTINIA,PORITIDAE,Porites,porites,LC
Fungia concinna,CNIDARIA,ANTHOZOA,SCLERACTINIA,FUNGIIDAE,Fungia,concinna,LC
Symphyllia agaricia,CNIDARIA,ANTHOZOA,SCLERACTINIA,MUSSIDAE,Symphyllia,agaricia,LC
Montastrea annuligera,CNIDARIA,ANTHOZOA,SCLERACTINIA,FAVIIDAE,Montastrea,annuligera,NT
Oulophyllia bennettae,CNIDARIA,ANTHOZOA,SCLERACTINIA,FAVIIDAE,Oulophyllia,bennettae,NT
Euphyllia glabrescens,CNIDARIA,ANTHOZOA,SCLERACTINIA,EUPHYLLIDAE,Euphyllia,glabrescens,NT
Fungia scruposa,CNIDARIA,ANTHOZOA,SCLERACTINIA,FUNGIIDAE,Fungia,scruposa,LC
Porites rus,CNIDARIA,ANTHOZOA,SCLERACTINIA,PORITIDAE,Porites,rus,LC
Fungia moluccensis,CNIDARIA,ANTHOZOA,SCLERACTINIA,FUNGIIDAE,Fungia,moluccensis,LC
Cantharellus noumeae,CNIDARIA,ANTHOZOA,SCLERACTINIA,FUNGIIDAE,Cantharellus,noumeae,EN
Lobophyllia flabelliformis,CNIDARIA,ANTHOZOA,SCLERACTINIA,MUSSIDAE,Lobophyllia,flabelliformis,VU
Montastraea franksi,CNIDARIA,ANTHOZOA,SCLERACTINIA,FAVIIDAE,Montastraea,franksi,VU
Porites sverdrupi,CNIDARIA,ANTHOZOA,SCLERACTINIA,PORITIDAE,Porites,sverdrupi,VU
Alveopora fenestrata,CNIDARIA,ANTHOZOA,SCLERACTINIA,PORITIDAE,Alveopora,fenestrata,VU
Favites pentagona,CNIDARIA,ANTHOZOA,SCLERACTINIA,FAVIIDAE,Favites,pentagona,LC
Pocillopora ankeli,CNIDARIA,ANTHOZOA,SCLERACTINIA,POCILLOPORIDAE,Pocillopora,ankeli,VU
Goniopora fruticosa,CNIDARIA,ANTHOZOA,SCLERACTINIA,PORITIDAE,Goniopora,fruticosa,LC
Mycedium spina,CNIDARIA,ANTHOZOA,SCLERACTINIA,PECTINIIDAE,Mycedium,spina,DD
Favia helianthoides,CNIDARIA,ANTHOZOA,SCLERACTINIA,FAVIIDAE,Favia,helianthoides,NT
Scolymia wellsi,CNIDARIA,ANTHOZOA,SCLERACTINIA,MUSSIDAE,Scolymia,wellsi,DD
Montastrea valenciennesi,CNIDARIA,ANTHOZOA,SCLERACTINIA,FAVIIDAE,Montastrea,valenciennesi,NT
Pocillopora elegans,CNIDARIA,ANTHOZOA,SCLERACTINIA,POCILLOPORIDAE,Pocillopora,elegans,VU
Ctenactis albitentaculata,CNIDARIA,ANTHOZOA,SCLERACTINIA,FUNGIIDAE,Ctenactis,albitentaculata,NT
Goniopora stutchburyi,CNIDARIA,ANTHOZOA,SCLERACTINIA,PORITIDAE,Goniopora,stutchburyi,LC
Eusmilia fastigiata,CNIDARIA,ANTHOZOA,SCLERACTINIA,MEANDRINIDAE,Eusmilia,fastigiata,LC
Goniastrea edwardsi,CNIDARIA,ANTHOZOA,SCLERACTINIA,FAVIIDAE,Goniastrea,edwardsi,LC
Montastraea faveolata,CNIDARIA,ANTHOZOA,SCLERACTINIA,FAVIIDAE,Montastraea,faveolata,EN
Fungia puishani,CNIDARIA,ANTHOZOA,SCLERACTINIA,FUNGIIDAE,Fungia,puishani,DD
Duncanopsammia axifuga,CNIDARIA,ANTHOZOA,SCLERACTINIA,DENDROPHYLLIIDAE,Duncanopsammia,axifuga,NT
Goniastrea thecata,CNIDARIA,ANTHOZOA,SCLERACTINIA,FAVIIDAE,Goniastrea,thecata,NT
Leptastrea bottae,CNIDARIA,ANTHOZOA,SCLERACTINIA,FAVIIDAE,Leptastrea,bottae,NT
Scolymia lacera,CNIDARIA,ANTHOZOA,SCLERACTINIA,MUSSIDAE,Scolymia,lacera,LC
Pocillopora inflata,CNIDARIA,ANTHOZOA,SCLERACTINIA,POCILLOPORIDAE,Pocillopora,inflata,VU
Echinophyllia echinoporoides,CNIDARIA,ANTHOZOA,SCLERACTINIA,PECTINIIDAE,Echinophyllia,echinoporoides,LC
Favites micropentagona,CNIDARIA,ANTHOZOA,SCLERACTINIA,FAVIIDAE,Favites,micropentagona,NT
Favia marshae,CNIDARIA,ANTHOZOA,SCLERACTINIA,FAVIIDAE,Favia,marshae,NT
Montastrea serageldini,CNIDARIA,ANTHOZOA,SCLERACTINIA,FAVIIDAE,Montastrea,serageldini,VU
Montigyra kenti,CNIDARIA,ANTHOZOA,SCLERACTINIA,MEANDRINIDAE,Montigyra,kenti,DD
Goniopora stokesi,CNIDARIA,ANTHOZOA,SCLERACTINIA,PORITIDAE,Goniopora,stokesi,NT
Pectinia teres,CNIDARIA,ANTHOZOA,SCLERACTINIA,PECTINIIDAE,Pectinia,teres,NT
Stylophora madagascarensis,CNIDARIA,ANTHOZOA,SCLERACTINIA,POCILLOPORIDAE,Stylophora,madagascarensis,EN
Leptastrea purpurea,CNIDARIA,ANTHOZOA,SCLERACTINIA,FAVIIDAE,Leptastrea,purpurea,LC
Sandalolitha robusta,CNIDARIA,ANTHOZOA,SCLERACTINIA,FUNGIIDAE,Sandalolitha,robusta,LC
Leptastrea pruinosa,CNIDARIA,ANTHOZOA,SCLERACTINIA,FAVIIDAE,Leptastrea,pruinosa,LC
Oulophyllia levis,CNIDARIA,ANTHOZOA,SCLERACTINIA,FAVIIDAE,Oulophyllia,levis,LC
Favites abdita,CNIDARIA,ANTHOZOA,SCLERACTINIA,FAVIIDAE,Favites,abdita,NT
Scolymia australis,CNIDARIA,ANTHOZOA,SCLERACTINIA,MUSSIDAE,Scolymia,australis,LC
Astrangia poculata,CNIDARIA,ANTHOZOA,SCLERACTINIA,RHIZANGIIDAE,Astrangia,poculata,LC
Galaxea cryptoramosa,CNIDARIA,ANTHOZOA,SCLERACTINIA,OCULINIDAE,Galaxea,cryptoramosa,VU
Favia maxima,CNIDARIA,ANTHOZOA,SCLERACTINIA,FAVIIDAE,Favia,maxima,NT
Porites flavus,CNIDARIA,ANTHOZOA,SCLERACTINIA,PORITIDAE,Porites,flavus,DD
Diploria clivosa,CNIDARIA,ANTHOZOA,SCLERACTINIA,FAVIIDAE,Diploria,clivosa,LC
Porites columnaris,CNIDARIA,ANTHOZOA,SCLERACTINIA,PORITIDAE,Porites,columnaris,LC
Cyphastrea serailia,CNIDARIA,ANTHOZOA,SCLERACTINIA,FAVIIDAE,Cyphastrea,serailia,LC
Oulastrea crispata,CNIDARIA,ANTHOZOA,SCLERACTINIA,FAVIIDAE,Oulastrea,crispata,LC
Fungia curvata,CNIDARIA,ANTHOZOA,SCLERACTINIA,FUNGIIDAE,Fungia,curvata,VU
Cyphastrea ocellina,CNIDARIA,ANTHOZOA,SCLERACTINIA,FAVIIDAE,Cyphastrea,ocellina,VU
Hydnophora rigida,CNIDARIA,ANTHOZOA,SCLERACTINIA,MERULINIDAE,Hydnophora,rigida,LC
Symphyllia recta,CNIDARIA,ANTHOZOA,SCLERACTINIA,MUSSIDAE,Symphyllia,recta,LC
Porites australiensis,CNIDARIA,ANTHOZOA,SCLERACTINIA,PORITIDAE,Porites,australiensis,LC
Balanophyllia europaea,CNIDARIA,ANTHOZOA,SCLERACTINIA,DENDROPHYLLIIDAE,Balanophyllia,europaea,DD
Moseleya latistellata,CNIDARIA,ANTHOZOA,SCLERACTINIA,FAVIIDAE,Moseleya,latistellata,VU
Indophyllia macassarensis,CNIDARIA,ANTHOZOA,SCLERACTINIA,MUSSIDAE,Indophyllia,macassarensis,DD
Acanthastrea ishigakiensis,CNIDARIA,ANTHOZOA,SCLERACTINIA,MUSSIDAE,Acanthastrea,ishigakiensis,VU
Symphyllia erythraea,CNIDARIA,ANTHOZOA,SCLERACTINIA,MUSSIDAE,Symphyllia,erythraea,LC
Goniastrea pectinata,CNIDARIA,ANTHOZOA,SCLERACTINIA,FAVIIDAE,Goniastrea,pectinata,LC
Favia favus,CNIDARIA,ANTHOZOA,SCLERACTINIA,FAVIIDAE,Favia,favus,LC
Goniastrea aspera,CNIDARIA,ANTHOZOA,SCLERACTINIA,FAVIIDAE,Goniastrea,aspera,LC
Alveopora viridis,CNIDARIA,ANTHOZOA,SCLERACTINIA,PORITIDAE,Alveopora,viridis,NT
Pectinia africanus,CNIDARIA,ANTHOZOA,SCLERACTINIA,PECTINIIDAE,Pectinia,africanus,VU
Platygyra crosslandi,CNIDARIA,ANTHOZOA,SCLERACTINIA,FAVIIDAE,Platygyra,crosslandi,NT
Pocillopora eydouxi,CNIDARIA,ANTHOZOA,SCLERACTINIA,POCILLOPORIDAE,Pocillopora,eydouxi,NT
Galaxea astreata,CNIDARIA,ANTHOZOA,SCLERACTINIA,OCULINIDAE,Galaxea,astreata,VU
Favites chinensis,CNIDARIA,ANTHOZOA,SCLERACTINIA,FAVIIDAE,Favites,chinensis,NT
Cyphastrea japonica,CNIDARIA,ANTHOZOA,SCLERACTINIA,FAVIIDAE,Cyphastrea,japonica,LC
Porites baueri,CNIDARIA,ANTHOZOA,SCLERACTINIA,PORITIDAE,Porites,baueri,DD
Simplastrea vesicularis,CNIDARIA,ANTHOZOA,SCLERACTINIA,OCULINIDAE,Simplastrea,vesicularis,DD
Goniopora lobata,CNIDARIA,ANTHOZOA,SCLERACTINIA,PORITIDAE,Goniopora,lobata,NT
Pocillopora ligulata,CNIDARIA,ANTHOZOA,SCLERACTINIA,POCILLOPORIDAE,Pocillopora,ligulata,LC
Oxypora egyptensis,CNIDARIA,ANTHOZOA,SCLERACTINIA,PECTINIIDAE,Oxypora,egyptensis,DD
Meandrina danae,CNIDARIA,ANTHOZOA,SCLERACTINIA,MEANDRINIDAE,Meandrina,danae,LC
Coscinaraea wellsi,CNIDARIA,ANTHOZOA,SCLERACTINIA,SIDERASTREIDAE,Coscinaraea,wellsi,LC
Parasimplastrea sheppardi,CNIDARIA,ANTHOZOA,SCLERACTINIA,FAVIIDAE,Parasimplastrea,sheppardi,EN
Fungia repanda,CNIDARIA,ANTHOZOA,SCLERACTINIA,FUNGIIDAE,Fungia,repanda,LC
Porites mayeri,CNIDARIA,ANTHOZOA,SCLERACTINIA,PORITIDAE,Porites,mayeri,LC
Porites attenuata,CNIDARIA,ANTHOZOA,SCLERACTINIA,PORITIDAE,Porites,attenuata,VU
Porites eridani,CNIDARIA,ANTHOZOA,SCLERACTINIA,PORITIDAE,Porites,eridani,EN
Psammocora decussata,CNIDARIA,ANTHOZOA,SCLERACTINIA,SIDERASTREIDAE,Psammocora,decussata,DD
Turbinaria conspicua,CNIDARIA,ANTHOZOA,SCLERACTINIA,DENDROPHYLLIIDAE,Turbinaria,conspicua,LC
Hydnophora exesa,CNIDARIA,ANTHOZOA,SCLERACTINIA,MERULINIDAE,Hydnophora,exesa,NT
Pseudosiderastrea tayami,CNIDARIA,ANTHOZOA,SCLERACTINIA,SIDERASTREIDAE,Pseudosiderastrea,tayami,NT
Stylophora danae,CNIDARIA,ANTHOZOA,SCLERACTINIA,POCILLOPORIDAE,Stylophora,danae,LC
Goniopora pendulus,CNIDARIA,ANTHOZOA,SCLERACTINIA,PORITIDAE,Goniopora,pendulus,LC
Echinopora forskaliana,CNIDARIA,ANTHOZOA,SCLERACTINIA,FAVIIDAE,Echinopora,forskaliana,NT
Halomitra clavator,CNIDARIA,ANTHOZOA,SCLERACTINIA,FUNGIIDAE,Halomitra,clavator,VU
Galaxea paucisepta,CNIDARIA,ANTHOZOA,SCLERACTINIA,OCULINIDAE,Galaxea,paucisepta,NT
Euphyllia paradivisa,CNIDARIA,ANTHOZOA,SCLERACTINIA,EUPHYLLIDAE,Euphyllia,paradivisa,VU
Micromussa minuta,CNIDARIA,ANTHOZOA,SCLERACTINIA,MUSSIDAE,Micromussa,minuta,NT
Goniopora ciliatus,CNIDARIA,ANTHOZOA,SCLERACTINIA,PORITIDAE,Goniopora,ciliatus,LC
Coscinaraea mcneilli,CNIDARIA,ANTHOZOA,SCLERACTINIA,SIDERASTREIDAE,Coscinaraea,mcneilli,LC
Colpophyllia natans,CNIDARIA,ANTHOZOA,SCLERACTINIA,FAVIIDAE,Colpophyllia,natans,LC
Fungia distorta,CNIDARIA,ANTHOZOA,SCLERACTINIA,FUNGIIDAE,Fungia,distorta,LC
Heteropsammia eupsammides,CNIDARIA,ANTHOZOA,SCLERACTINIA,DENDROPHYLLIIDAE,Heteropsammia,eupsammides,NT
Boninastrea boninensis,CNIDARIA,ANTHOZOA,SCLERACTINIA,MERULINIDAE,Boninastrea,boninensis,DD
Fungia taiwanensis,CNIDARIA,ANTHOZOA,SCLERACTINIA,FUNGIIDAE,Fungia,taiwanensis,VU
Cantharellus jebbi,CNIDARIA,ANTHOZOA,SCLERACTINIA,FUNGIIDAE,Cantharellus,jebbi,LC
Plerogyra cauliformis,CNIDARIA,ANTHOZOA,SCLERACTINIA,EUPHYLLIDAE,Plerogyra,cauliformis,DD
Favia danae,CNIDARIA,ANTHOZOA,SCLERACTINIA,FAVIIDAE,Favia,danae,LC
Leptoria phrygia,CNIDARIA,ANTHOZOA,SCLERACTINIA,FAVIIDAE,Leptoria,phrygia,NT
Montastrea salebrosa,CNIDARIA,ANTHOZOA,SCLERACTINIA,FAVIIDAE,Montastrea,salebrosa,VU
Favia laxa,CNIDARIA,ANTHOZOA,SCLERACTINIA,FAVIIDAE,Favia,laxa,NT
Alveopora japonica,CNIDARIA,ANTHOZOA,SCLERACTINIA,PORITIDAE,Alveopora,japonica,VU
Plerogyra diabolotus,CNIDARIA,ANTHOZOA,SCLERACTINIA,EUPHYLLIDAE,Plerogyra,diabolotus,DD
Merulina scabricula,CNIDARIA,ANTHOZOA,SCLERACTINIA,MERULINIDAE,Merulina,scabricula,LC
Pocillopora kelleheri,CNIDARIA,ANTHOZOA,SCLERACTINIA,POCILLOPORIDAE,Pocillopora,kelleheri,LC
Porites sillimaniana,CNIDARIA,ANTHOZOA,SCLERACTINIA,PORITIDAE,Porites,sillimaniana,VU
Mycedium steeni,CNIDARIA,ANTHOZOA,SCLERACTINIA,PECTINIIDAE,Mycedium,steeni,VU
Goniastrea peresi,CNIDARIA,ANTHOZOA,SCLERACTINIA,FAVIIDAE,Goniastrea,peresi,NT
Goniopora pearsoni,CNIDARIA,ANTHOZOA,SCLERACTINIA,PORITIDAE,Goniopora,pearsoni,LC
Mycedium robokaki,CNIDARIA,ANTHOZOA,SCLERACTINIA,PECTINIIDAE,Mycedium,robokaki,LC
Siderastrea glynni,CNIDARIA,ANTHOZOA,SCLERACTINIA,SIDERASTREIDAE,Siderastrea,glynni,CR
Podabacia motuporensis,CNIDARIA,ANTHOZOA,SCLERACTINIA,FUNGIIDAE,Podabacia,motuporensis,NT
Platygyra carnosus,CNIDARIA,ANTHOZOA,SCLERACTINIA,FAVIIDAE,Platygyra,carnosus,NT
Isophyllastrea rigida,CNIDARIA,ANTHOZOA,SCLERACTINIA,MUSSIDAE,Isophyllastrea,rigida,LC
Porites cylindrica,CNIDARIA,ANTHOZOA,SCLERACTINIA,PORITIDAE,Porites,cylindrica,NT
Fungia vaughani,CNIDARIA,ANTHOZOA,SCLERACTINIA,FUNGIIDAE,Fungia,vaughani,LC
Cyphastrea agassizi,CNIDARIA,ANTHOZOA,SCLERACTINIA,FAVIIDAE,Cyphastrea,agassizi,VU
Hydnophora pilosa,CNIDARIA,ANTHOZOA,SCLERACTINIA,MERULINIDAE,Hydnophora,pilosa,LC
Alveopora gigas,CNIDARIA,ANTHOZOA,SCLERACTINIA,PORITIDAE,Alveopora,gigas,VU
Echinophyllia costata,CNIDARIA,ANTHOZOA,SCLERACTINIA,PECTINIIDAE,Echinophyllia,costata,VU
Porites solida,CNIDARIA,ANTHOZOA,SCLERACTINIA,PORITIDAE,Porites,solida,LC
Merulina scheeri,CNIDARIA,ANTHOZOA,SCLERACTINIA,MERULINIDAE,Merulina,scheeri,LC
Montastrea curta,CNIDARIA,ANTHOZOA,SCLERACTINIA,FAVIIDAE,Montastrea,curta,LC
Psammocora obtusangula,CNIDARIA,ANTHOZOA,SCLERACTINIA,SIDERASTREIDAE,Psammocora,obtusangula,NT
Porites furcata,CNIDARIA,ANTHOZOA,SCLERACTINIA,PORITIDAE,Porites,furcata,LC
Coscinaraea crassa,CNIDARIA,ANTHOZOA,SCLERACTINIA,SIDERASTREIDAE,Coscinaraea,crassa,NT
Goniopora somaliensis,CNIDARIA,ANTHOZOA,SCLERACTINIA,PORITIDAE,Goniopora,somaliensis,LC
Porites nodifera,CNIDARIA,ANTHOZOA,SCLERACTINIA,PORITIDAE,Porites,nodifera,LC
Mycetophyllia aliciae,CNIDARIA,ANTHOZOA,SCLERACTINIA,MUSSIDAE,Mycetophyllia,aliciae,LC
Pocillopora fungiformis,CNIDARIA,ANTHOZOA,SCLERACTINIA,POCILLOPORIDAE,Pocillopora,fungiformis,EN
Fungia fungites,CNIDARIA,ANTHOZOA,SCLERACTINIA,FUNGIIDAE,Fungia,fungites,NT
Acanthastrea faviaformis,CNIDARIA,ANTHOZOA,SCLERACTINIA,MUSSIDAE,Acanthastrea,faviaformis,VU
Porites lichen,CNIDARIA,ANTHOZOA,SCLERACTINIA,PORITIDAE,Porites,lichen,LC
Porites napopora,CNIDARIA,ANTHOZOA,SCLERACTINIA,PORITIDAE,Porites,napopora,VU
Favia truncatus,CNIDARIA,ANTHOZOA,SCLERACTINIA,FAVIIDAE,Favia,truncatus,LC
Echinomorpha nishihirai,CNIDARIA,ANTHOZOA,SCLERACTINIA,PECTINIIDAE,Echinomorpha,nishihirai,NT
Fungia scabra,CNIDARIA,ANTHOZOA,SCLERACTINIA,FUNGIIDAE,Fungia,scabra,LC
Oxypora convoluta,CNIDARIA,ANTHOZOA,SCLERACTINIA,PECTINIIDAE,Oxypora,convoluta,DD
Goniastrea columella,CNIDARIA,ANTHOZOA,SCLERACTINIA,FAVIIDAE,Goniastrea,columella,NT
Echinopora lamellosa,CNIDARIA,ANTHOZOA,SCLERACTINIA,FAVIIDAE,Echinopora,lamellosa,LC
Merulina ampliata,CNIDARIA,ANTHOZOA,SCLERACTINIA,MERULINIDAE,Merulina,ampliata,LC
Turbinaria reniformis,CNIDARIA,ANTHOZOA,SCLERACTINIA,DENDROPHYLLIIDAE,Turbinaria,reniformis,VU
Euphyllia divisa,CNIDARIA,ANTHOZOA,SCLERACTINIA,EUPHYLLIDAE,Euphyllia,divisa,NT
Porites monticulosa,CNIDARIA,ANTHOZOA,SCLERACTINIA,PORITIDAE,Porites,monticulosa,LC
Dichocoenia stokesii,CNIDARIA,ANTHOZOA,SCLERACTINIA,MEANDRINIDAE,Dichocoenia,stokesii,VU
Leptastrea transversa,CNIDARIA,ANTHOZOA,SCLERACTINIA,FAVIIDAE,Leptastrea,transversa,LC
Halomitra pileus,CNIDARIA,ANTHOZOA,SCLERACTINIA,FUNGIIDAE,Halomitra,pileus,LC
Mycetophyllia lamarckiana,CNIDARIA,ANTHOZOA,SCLERACTINIA,MUSSIDAE,Mycetophyllia,lamarckiana,LC
Favites paraflexuosa,CNIDARIA,ANTHOZOA,SCLERACTINIA,FAVIIDAE,Favites,paraflexuosa,NT
Porites excavata,CNIDARIA,ANTHOZOA,SCLERACTINIA,PORITIDAE,Porites,excavata,DD
Psammocora verrilli,CNIDARIA,ANTHOZOA,SCLERACTINIA,SIDERASTREIDAE,Psammocora,verrilli,DD
Porites panamensis,CNIDARIA,ANTHOZOA,SCLERACTINIA,PORITIDAE,Porites,panamensis,LC
Podabacia sinai,CNIDARIA,ANTHOZOA,SCLERACTINIA,FUNGIIDAE,Podabacia,sinai,DD
Calathiscus tantillus,CNIDARIA,ANTHOZOA,SCLERACTINIA,PORITIDAE,Calathiscus,tantillus,DD
Meandrina meandrites,CNIDARIA,ANTHOZOA,SCLERACTINIA,MEANDRINIDAE,Meandrina,meandrites,LC
Oculina valenciennesi,CNIDARIA,ANTHOZOA,SCLERACTINIA,OCULINIDAE,Oculina,valenciennesi,DD
Cyphastrea microphthalma,CNIDARIA,ANTHOZOA,SCLERACTINIA,FAVIIDAE,Cyphastrea,microphthalma,LC
Echinophyllia patula,CNIDARIA,ANTHOZOA,SCLERACTINIA,PECTINIIDAE,Echinophyllia,patula,LC
Porites densa,CNIDARIA,ANTHOZOA,SCLERACTINIA,PORITIDAE,Porites,densa,NT
Turbinaria patula,CNIDARIA,ANTHOZOA,SCLERACTINIA,DENDROPHYLLIIDAE,Turbinaria,patula,VU
Lithophyllon ranjithi,CNIDARIA,ANTHOZOA,SCLERACTINIA,FUNGIIDAE,Lithophyllon,ranjithi,EN
Favia albidus,CNIDARIA,ANTHOZOA,SCLERACTINIA,FAVIIDAE,Favia,albidus,NT
Acanthastrea hemprichii,CNIDARIA,ANTHOZOA,SCLERACTINIA,MUSSIDAE,Acanthastrea,hemprichii,VU
Leptastrea aequalis,CNIDARIA,ANTHOZOA,SCLERACTINIA,FAVIIDAE,Leptastrea,aequalis,VU
Alveopora verrilliana,CNIDARIA,ANTHOZOA,SCLERACTINIA,PORITIDAE,Alveopora,verrilliana,VU
Porites cumulatus,CNIDARIA,ANTHOZOA,SCLERACTINIA,PORITIDAE,Porites,cumulatus,VU
Podabacia crustacea,CNIDARIA,ANTHOZOA,SCLERACTINIA,FUNGIIDAE,Podabacia,crustacea,LC
Psammocora digitata,CNIDARIA,ANTHOZOA,SCLERACTINIA,SIDERASTREIDAE,Psammocora,digitata,NT
Porites lobata,CNIDARIA,ANTHOZOA,SCLERACTINIA,PORITIDAE,Porites,lobata,NT
Pectinia maxima,CNIDARIA,ANTHOZOA,SCLERACTINIA,PECTINIIDAE,Pectinia,maxima,EN
Pocillopora setichelli,CNIDARIA,ANTHOZOA,SCLERACTINIA,POCILLOPORIDAE,Pocillopora,setichelli,LC
Porites heronensis,CNIDARIA,ANTHOZOA,SCLERACTINIA,PORITIDAE,Porites,heronensis,LC
Cladocora arbuscula,CNIDARIA,ANTHOZOA,SCLERACTINIA,FAVIIDAE,Cladocora,arbuscula,LC
Acanthastrea hillae,CNIDARIA,ANTHOZOA,SCLERACTINIA,MUSSIDAE,Acanthastrea,hillae,NT
Porites deformis,CNIDARIA,ANTHOZOA,SCLERACTINIA,PORITIDAE,Porites,deformis,NT
Psammocora albopicta,CNIDARIA,ANTHOZOA,SCLERACTINIA,SIDERASTREIDAE,Psammocora,albopicta,DD
Trachyphyllia geoffroyi,CNIDARIA,ANTHOZOA,SCLERACTINIA,TRACHYPHYLLIIDAE,Trachyphyllia,geoffroyi,NT
Favites russelli,CNIDARIA,ANTHOZOA,SCLERACTINIA,FAVIIDAE,Favites,russelli,NT
Cyphastrea chalcidicum,CNIDARIA,ANTHOZOA,SCLERACTINIA,FAVIIDAE,Cyphastrea,chalcidicum,LC
Porites evermanni,CNIDARIA,ANTHOZOA,SCLERACTINIA,PORITIDAE,Porites,evermanni,DD
Seriatopora stellata,CNIDARIA,ANTHOZOA,SCLERACTINIA,POCILLOPORIDAE,Seriatopora,stellata,NT
Lobophyllia dentatus,CNIDARIA,ANTHOZOA,SCLERACTINIA,MUSSIDAE,Lobophyllia,dentatus,VU
Oculina tenella,CNIDARIA,ANTHOZOA,SCLERACTINIA,OCULINIDAE,Oculina,tenella,DD
Seriatopora caliendrum,CNIDARIA,ANTHOZOA,SCLERACTINIA,POCILLOPORIDAE,Seriatopora,caliendrum,NT
Acanthastrea rotundoflora,CNIDARIA,ANTHOZOA,SCLERACTINIA,MUSSIDAE,Acanthastrea,rotundoflora,NT
Favia veroni,CNIDARIA,ANTHOZOA,SCLERACTINIA,FAVIIDAE,Favia,veroni,NT
Pectinia crassa,CNIDARIA,ANTHOZOA,SCLERACTINIA,PECTINIIDAE,Pectinia,crassa,DD
Psammocora interstinctus,CNIDARIA,ANTHOZOA,SCLERACTINIA,SIDERASTREIDAE,Psammocora,interstinctus,DD
Euphyllia yaeyamaensis,CNIDARIA,ANTHOZOA,SCLERACTINIA,EUPHYLLIDAE,Euphyllia,yaeyamaensis,NT
Pocillopora zelli,CNIDARIA,ANTHOZOA,SCLERACTINIA,POCILLOPORIDAE,Pocillopora,zelli,LC
Alveopora allingi,CNIDARIA,ANTHOZOA,SCLERACTINIA,PORITIDAE,Alveopora,allingi,VU
Coscinaraea hahazimaensis,CNIDARIA,ANTHOZOA,SCLERACTINIA,SIDERASTREIDAE,Coscinaraea,hahazimaensis,VU
Porites okinawensis,CNIDARIA,ANTHOZOA,SCLERACTINIA,PORITIDAE,Porites,okinawensis,VU
Echinopora irregularis,CNIDARIA,ANTHOZOA,SCLERACTINIA,FAVIIDAE,Echinopora,irregularis,DD
Echinopora pacificus,CNIDARIA,ANTHOZOA,SCLERACTINIA,FAVIIDAE,Echinopora,pacificus,NT
Pectinia elongata,CNIDARIA,ANTHOZOA,SCLERACTINIA,PECTINIIDAE,Pectinia,elongata,NT
Alveopora spongiosa,CNIDARIA,ANTHOZOA,SCLERACTINIA,PORITIDAE,Alveopora,spongiosa,NT
Montastraea cavernosa,CNIDARIA,ANTHOZOA,SCLERACTINIA,FAVIIDAE,Montastraea,cavernosa,LC
Hydnophora grandis,CNIDARIA,ANTHOZOA,SCLERACTINIA,MERULINIDAE,Hydnophora,grandis,LC
Siderastrea savignyana,CNIDARIA,ANTHOZOA,SCLERACTINIA,SIDERASTREIDAE,Siderastrea,savignyana,LC
Galaxea longisepta,CNIDARIA,ANTHOZOA,SCLERACTINIA,OCULINIDAE,Galaxea,longisepta,NT
Favia lacuna,CNIDARIA,ANTHOZOA,SCLERACTINIA,FAVIIDAE,Favia,lacuna,NT
Mycetophyllia ferox,CNIDARIA,ANTHOZOA,SCLERACTINIA,MUSSIDAE,Mycetophyllia,ferox,VU
Fungia somervillei,CNIDARIA,ANTHOZOA,SCLERACTINIA,FUNGIIDAE,Fungia,somervillei,LC
Platygyra acuta,CNIDARIA,ANTHOZOA,SCLERACTINIA,FAVIIDAE,Platygyra,acuta,NT
Favia leptophylla,CNIDARIA,ANTHOZOA,SCLERACTINIA,FAVIIDAE,Favia,leptophylla,DD
Favia matthaii,CNIDARIA,ANTHOZOA,SCLERACTINIA,FAVIIDAE,Favia,matthaii,NT
Diploastrea heliopora,CNIDARIA,ANTHOZOA,SCLERACTINIA,FAVIIDAE,Diploastrea,heliopora,NT
Australomussa rowleyensis,CNIDARIA,ANTHOZOA,SCLERACTINIA,MUSSIDAE,Australomussa,rowleyensis,NT
Caulastrea furcata,CNIDARIA,ANTHOZOA,SCLERACTINIA,FAVIIDAE,Caulastrea,furcata,LC
Siderastrea siderea,CNIDARIA,ANTHOZOA,SCLERACTINIA,SIDERASTREIDAE,Siderastrea,siderea,LC
Favia speciosa,CNIDARIA,ANTHOZOA,SCLERACTINIA,FAVIIDAE,Favia,speciosa,LC
Oxypora lacera,CNIDARIA,ANTHOZOA,SCLERACTINIA,PECTINIIDAE,Oxypora,lacera,LC
Galaxea fascicularis,CNIDARIA,ANTHOZOA,SCLERACTINIA,OCULINIDAE,Galaxea,fascicularis,NT
Galaxea horrescens,CNIDARIA,ANTHOZOA,SCLERACTINIA,OCULINIDAE,Galaxea,horrescens,LC
Echinophyllia aspera,CNIDARIA,ANTHOZOA,SCLERACTINIA,PECTINIIDAE,Echinophyllia,aspera,LC
Stylophora kuehlmanni,CNIDARIA,ANTHOZOA,SCLERACTINIA,POCILLOPORIDAE,Stylophora,kuehlmanni,LC
Platygyra sinensis,CNIDARIA,ANTHOZOA,SCLERACTINIA,FAVIIDAE,Platygyra,sinensis,LC
Goniopora palmensis,CNIDARIA,ANTHOZOA,SCLERACTINIA,PORITIDAE,Goniopora,palmensis,LC
Alveopora minuta,CNIDARIA,ANTHOZOA,SCLERACTINIA,PORITIDAE,Alveopora,minuta,EN
Porites compressa,CNIDARIA,ANTHOZOA,SCLERACTINIA,PORITIDAE,Porites,compressa,LC
Coscinaraea monile,CNIDARIA,ANTHOZOA,SCLERACTINIA,SIDERASTREIDAE,Coscinaraea,monile,LC
Mussa angulosa,CNIDARIA,ANTHOZOA,SCLERACTINIA,MUSSIDAE,Mussa,angulosa,LC
Acanthastrea brevis,CNIDARIA,ANTHOZOA,SCLERACTINIA,MUSSIDAE,Acanthastrea,brevis,VU
Mycedium umbra,CNIDARIA,ANTHOZOA,SCLERACTINIA,PECTINIIDAE,Mycedium,umbra,LC
Sandalolitha dentata,CNIDARIA,ANTHOZOA,SCLERACTINIA,FUNGIIDAE,Sandalolitha,dentata,LC
Euphyllia paraglabrescens,CNIDARIA,ANTHOZOA,SCLERACTINIA,EUPHYLLIDAE,Euphyllia,paraglabrescens,VU
Favites bestae,CNIDARIA,ANTHOZOA,SCLERACTINIA,FAVIIDAE,Favites,bestae,NT
Lobophyllia corymbosa,CNIDARIA,ANTHOZOA,SCLERACTINIA,MUSSIDAE,Lobophyllia,corymbosa,LC
Goniastrea deformis,CNIDARIA,ANTHOZOA,SCLERACTINIA,FAVIIDAE,Goniastrea,deformis,VU
Oculina patagonica,CNIDARIA,ANTHOZOA,SCLERACTINIA,OCULINIDAE,Oculina,patagonica,LC
Barabattoia amicorum,CNIDARIA,ANTHOZOA,SCLERACTINIA,FAVIIDAE,Barabattoia,amicorum,LC
Favites acuticollis,CNIDARIA,ANTHOZOA,SCLERACTINIA,FAVIIDAE,Favites,acuticollis,NT
Platygyra pini,CNIDARIA,ANTHOZOA,SCLERACTINIA,FAVIIDAE,Platygyra,pini,LC
Fungia tenuis,CNIDARIA,ANTHOZOA,SCLERACTINIA,FUNGIIDAE,Fungia,tenuis,LC
Montastrea magnistellata,CNIDARIA,ANTHOZOA,SCLERACTINIA,FAVIIDAE,Montastrea,magnistellata,NT
Heliofungia actiniformis,CNIDARIA,ANTHOZOA,SCLERACTINIA,FUNGIIDAE,Heliofungia,actiniformis,VU
Siderastrea stellata,CNIDARIA,ANTHOZOA,SCLERACTINIA,SIDERASTREIDAE,Siderastrea,stellata,DD
Psammocora contigua,CNIDARIA,ANTHOZOA,SCLERACTINIA,SIDERASTREIDAE,Psammocora,contigua,NT
Schizoculina fissipara,CNIDARIA,ANTHOZOA,SCLERACTINIA,OCULINIDAE,Schizoculina,fissipara,DD
Goniopora pandoraensis,CNIDARIA,ANTHOZOA,SCLERACTINIA,PORITIDAE,Goniopora,pandoraensis,LC
Platygyra ryukyuensis,CNIDARIA,ANTHOZOA,SCLERACTINIA,FAVIIDAE,Platygyra,ryukyuensis,NT
Cantharellus doederleini,CNIDARIA,ANTHOZOA,SCLERACTINIA,FUNGIIDAE,Cantharellus,doederleini,LC
Goniopora eclipsensis,CNIDARIA,ANTHOZOA,SCLERACTINIA,PORITIDAE,Goniopora,eclipsensis,LC
Turbinaria radicalis,CNIDARIA,ANTHOZOA,SCLERACTINIA,DENDROPHYLLIIDAE,Turbinaria,radicalis,NT
Porites divaricata,CNIDARIA,ANTHOZOA,SCLERACTINIA,PORITIDAE,Porites,divaricata,LC
Ctenactis echinata,CNIDARIA,ANTHOZOA,SCLERACTINIA,FUNGIIDAE,Ctenactis,echinata,LC
Psammocora vaughani,CNIDARIA,ANTHOZOA,SCLERACTINIA,SIDERASTREIDAE,Psammocora,vaughani,NT
Echinopora tiranensis,CNIDARIA,ANTHOZOA,SCLERACTINIA,FAVIIDAE,Echinopora,tiranensis,DD
Porites nigrescens,CNIDARIA,ANTHOZOA,SCLERACTINIA,PORITIDAE,Porites,nigrescens,VU
Oulophyllia crispa,CNIDARIA,ANTHOZOA,SCLERACTINIA,FAVIIDAE,Oulophyllia,crispa,NT
Platygyra contorta,CNIDARIA,ANTHOZOA,SCLERACTINIA,FAVIIDAE,Platygyra,contorta,LC
Pocillopora verrucosa,CNIDARIA,ANTHOZOA,SCLERACTINIA,POCILLOPORIDAE,Pocillopora,verrucosa,LC
Lithophyllon undulatum,CNIDARIA,ANTHOZOA,SCLERACTINIA,FUNGIIDAE,Lithophyllon,undulatum,NT
Scapophyllia cylindrica,CNIDARIA,ANTHOZOA,SCLERACTINIA,MERULINIDAE,Scapophyllia,cylindrica,LC
Coscinaraea marshae,CNIDARIA,ANTHOZOA,SCLERACTINIA,SIDERASTREIDAE,Coscinaraea,marshae,LC
Echinopora fruticulosa,CNIDARIA,ANTHOZOA,SCLERACTINIA,FAVIIDAE,Echinopora,fruticulosa,NT
Goniopora sultani,CNIDARIA,ANTHOZOA,SCLERACTINIA,PORITIDAE,Goniopora,sultani,LC
Platygyra lamellina,CNIDARIA,ANTHOZOA,SCLERACTINIA,FAVIIDAE,Platygyra,lamellina,NT
Fungia fragilis,CNIDARIA,ANTHOZOA,SCLERACTINIA,FUNGIIDAE,Fungia,fragilis,LC
Blastomussa wellsi,CNIDARIA,ANTHOZOA,SCLERACTINIA,MUSSIDAE,Blastomussa,wellsi,NT
Favites halicora,CNIDARIA,ANTHOZOA,SCLERACTINIA,FAVIIDAE,Favites,halicora,NT
Porites annae,CNIDARIA,ANTHOZOA,SCLERACTINIA,PORITIDAE,Porites,annae,NT
Porites somaliensis,CNIDARIA,ANTHOZOA,SCLERACTINIA,PORITIDAE,Porites,somaliensis,NT
Leptoria irregularis,CNIDARIA,ANTHOZOA,SCLERACTINIA,FAVIIDAE,Leptoria,irregularis,VU
Psammocora nierstraszi,CNIDARIA,ANTHOZOA,SCLERACTINIA,SIDERASTREIDAE,Psammocora,nierstraszi,LC
Porites arnaudi,CNIDARIA,ANTHOZOA,SCLERACTINIA,PORITIDAE,Porites,arnaudi,LC
Goniopora polyformis,CNIDARIA,ANTHOZOA,SCLERACTINIA,PORITIDAE,Goniopora,polyformis,VU
Montastrea colemani,CNIDARIA,ANTHOZOA,SCLERACTINIA,FAVIIDAE,Montastrea,colemani,NT
Porites desilveri,CNIDARIA,ANTHOZOA,SCLERACTINIA,PORITIDAE,Porites,desilveri,EN
Seriatopora hystrix,CNIDARIA,ANTHOZOA,SCLERACTINIA,POCILLOPORIDAE,Seriatopora,hystrix,LC
Alveopora daedalea,CNIDARIA,ANTHOZOA,SCLERACTINIA,PORITIDAE,Alveopora,daedalea,VU
Erythrastrea flabellata,CNIDARIA,ANTHOZOA,SCLERACTINIA,FAVIIDAE,Erythrastrea,flabellata,NT
Leptastrea bewickensis,CNIDARIA,ANTHOZOA,SCLERACTINIA,FAVIIDAE,Leptastrea,bewickensis,NT
Seriatopora aculeata,CNIDARIA,ANTHOZOA,SCLERACTINIA,POCILLOPORIDAE,Seriatopora,aculeata,VU
Australogyra zelli,CNIDARIA,ANTHOZOA,SCLERACTINIA,FAVIIDAE,Australogyra,zelli,VU
Echinopora mammiformis,CNIDARIA,ANTHOZOA,SCLERACTINIA,FAVIIDAE,Echinopora,mammiformis,NT
Anomastraea irregularis,CNIDARIA,ANTHOZOA,SCLERACTINIA,SIDERASTREIDAE,Anomastraea,irregularis,VU
Psammocora ramosa,CNIDARIA,ANTHOZOA,SCLERACTINIA,SIDERASTREIDAE,Psammocora,ramosa,DD
Echinopora grandicula,CNIDARIA,ANTHOZOA,SCLERACTINIA,FAVIIDAE,Echinopora,grandicula,DD
Cladocora caespitosa,CNIDARIA,ANTHOZOA,SCLERACTINIA,FAVIIDAE,Cladocora,caespitosa,DD
Porites harrisoni,CNIDARIA,ANTHOZOA,SCLERACTINIA,PORITIDAE,Porites,harrisoni,NT
Lobophyllia diminuta,CNIDARIA,ANTHOZOA,SCLERACTINIA,MUSSIDAE,Lobophyllia,diminuta,VU
Favites complanata,CNIDARIA,ANTHOZOA,SCLERACTINIA,FAVIIDAE,Favites,complanata,NT
Pocillopora effusus,CNIDARIA,ANTHOZOA,SCLERACTINIA,POCILLOPORIDAE,Pocillopora,effusus,DD
Mycedium mancaoi,CNIDARIA,ANTHOZOA,SCLERACTINIA,PECTINIIDAE,Mycedium,mancaoi,LC
Lobophyllia pachysepta,CNIDARIA,ANTHOZOA,SCLERACTINIA,MUSSIDAE,Lobophyllia,pachysepta,NT
Euphyllia ancora,CNIDARIA,ANTHOZOA,SCLERACTINIA,EUPHYLLIDAE,Euphyllia,ancora,VU
Turbinaria peltata,CNIDARIA,ANTHOZOA,SCLERACTINIA,DENDROPHYLLIIDAE,Turbinaria,peltata,VU
Favites vasta,CNIDARIA,ANTHOZOA,SCLERACTINIA,FAVIIDAE,Favites,vasta,NT
Porites murrayensis,CNIDARIA,ANTHOZOA,SCLERACTINIA,PORITIDAE,Porites,murrayensis,NT
Platygyra verweyi,CNIDARIA,ANTHOZOA,SCLERACTINIA,FAVIIDAE,Platygyra,verweyi,NT
Scolymia vitiensis,CNIDARIA,ANTHOZOA,SCLERACTINIA,MUSSIDAE,Scolymia,vitiensis,NT
Barabattoia laddi,CNIDARIA,ANTHOZOA,SCLERACTINIA,FAVIIDAE,Barabattoia,laddi,VU
Psammocora stellata,CNIDARIA,ANTHOZOA,SCLERACTINIA,SIDERASTREIDAE,Psammocora,stellata,VU
Porites ericacea,CNIDARIA,ANTHOZOA,SCLERACTINIA,PORITIDAE,Porites,ericacea,DD
Porites brighami,CNIDARIA,ANTHOZOA,SCLERACTINIA,PORITIDAE,Porites,brighami,LC
Symphyllia hassi,CNIDARIA,ANTHOZOA,SCLERACTINIA,MUSSIDAE,Symphyllia,hassi,VU
Pectinia alcicornis,CNIDARIA,ANTHOZOA,SCLERACTINIA,PECTINIIDAE,Pectinia,alcicornis,VU
Euphyllia paraancora,CNIDARIA,ANTHOZOA,SCLERACTINIA,EUPHYLLIDAE,Euphyllia,paraancora,VU
Favia rosaria,CNIDARIA,ANTHOZOA,SCLERACTINIA,FAVIIDAE,Favia,rosaria,VU
Stylophora pistillata,CNIDARIA,ANTHOZOA,SCLERACTINIA,POCILLOPORIDAE,Stylophora,pistillata,NT
Coscinaraea columna,CNIDARIA,ANTHOZOA,SCLERACTINIA,SIDERASTREIDAE,Coscinaraea,columna,LC
Goniopora cellulosa,CNIDARIA,ANTHOZOA,SCLERACTINIA,PORITIDAE,Goniopora,cellulosa,VU
Millepora latifolia,CNIDARIA,HYDROZOA,MILLEPORINA,MILLEPORIDAE,Millepora,latifolia,VU
Millepora alcicornis,CNIDARIA,HYDROZOA,MILLEPORINA,MILLEPORIDAE,Millepora,alcicornis,LC
Millepora murrayi,CNIDARIA,HYDROZOA,MILLEPORINA,MILLEPORIDAE,Millepora,murrayi,NT
Millepora intricata,CNIDARIA,HYDROZOA,MILLEPORINA,MILLEPORIDAE,Millepora,intricata,LC
Millepora platyphylla,CNIDARIA,HYDROZOA,MILLEPORINA,MILLEPORIDAE,Millepora,platyphylla,LC
Millepora dichotoma,CNIDARIA,HYDROZOA,MILLEPORINA,MILLEPORIDAE,Millepora,dichotoma,LC
Millepora braziliensis,CNIDARIA,HYDROZOA,MILLEPORINA,MILLEPORIDAE,Millepora,braziliensis,DD
Millepora tuberosa,CNIDARIA,HYDROZOA,MILLEPORINA,MILLEPORIDAE,Millepora,tuberosa,EN
Millepora complanata,CNIDARIA,HYDROZOA,MILLEPORINA,MILLEPORIDAE,Millepora,complanata,LC
Millepora striata,CNIDARIA,HYDROZOA,MILLEPORINA,MILLEPORIDAE,Millepora,striata,EN
Millepora squarrosa,CNIDARIA,HYDROZOA,MILLEPORINA,MILLEPORIDAE,Millepora,squarrosa,LC
Heliopora coerulea,CNIDARIA,ANTHOZOA,HELIOPORACEA,HELIOPORIDAE,Heliopora,coerulea,VU
Millepora foveolata,CNIDARIA,HYDROZOA,MILLEPORINA,MILLEPORIDAE,Millepora,foveolata,VU
Millepora tenera,CNIDARIA,HYDROZOA,MILLEPORINA,MILLEPORIDAE,Millepora,tenera,LC
Millepora exaesa,CNIDARIA,HYDROZOA,MILLEPORINA,MILLEPORIDAE,Millepora,exaesa,LC
Millepora boschmai,CNIDARIA,HYDROZOA,MILLEPORINA,MILLEPORIDAE,Millepora,boschmai,CR
Millepora nitida,CNIDARIA,HYDROZOA,MILLEPORINA,MILLEPORIDAE,Millepora,nitida,DD